Handle,Title,Option1 Name,Option1 Value,Option2 Name,Option2 Value,Option3 Name,Option3 Value,SKU,HS Code,COO,Location,Bin name,Incoming (not editable),Unavailable (not editable),Committed (not editable),Available (not editable),On hand (current),On hand (new)
the-gorham-glossed-down-jacket-1765483665042,The Gorham Glossed Down Jacket,Color,Collection Navy Glossy,Size,L,,,"",,,Local da loja,,0,0,0,-1,-1,
the-gorham-glossed-down-jacket-1765483665042,The Gorham Glossed Down Jacket,Color,Collection Navy Glossy,Size,L,,,"",,,SIHI Fulfillment,,not stocked,not stocked,not stocked,not stocked,not stocked,
the-gorham-glossed-down-jacket-1765483665042,The Gorham Glossed Down Jacket,Color,Collection Navy Glossy,Size,L,,,"",,,FlowBorder Fulfillment,,not stocked,not stocked,not stocked,not stocked,not stocked,
the-gorham-glossed-down-jacket-1765483665042,The Gorham Glossed Down Jacket,Color,Collection Navy Glossy,Size,XL,,,"",,,Local da loja,,0,0,0,-1,-1,
the-gorham-glossed-down-jacket-1765483665042,The Gorham Glossed Down Jacket,Color,Collection Navy Glossy,Size,XL,,,"",,,SIHI Fulfillment,,not stocked,not stocked,not stocked,not stocked,not stocked,
the-gorham-glossed-down-jacket-1765483665042,The Gorham Glossed Down Jacket,Color,Collection Navy Glossy,Size,XL,,,"",,,FlowBorder Fulfillment,,not stocked,not stocked,not stocked,not stocked,not stocked,
the-gorham-glossed-down-jacket-1765483665042,The Gorham Glossed Down Jacket,Color,Collection Navy Glossy,Size,XXL,,,"",,,Local da loja,,0,0,0,0,0,
the-gorham-glossed-down-jacket-1765483665042,The Gorham Glossed Down Jacket,Color,Collection Navy Glossy,Size,XXL,,,"",,,SIHI Fulfillment,,not stocked,not stocked,not stocked,not stocked,not stocked,
the-gorham-glossed-down-jacket-1765483665042,The Gorham Glossed Down Jacket,Color,Collection Navy Glossy,Size,XXL,,,"",,,FlowBorder Fulfillment,,not stocked,not stocked,not stocked,not stocked,not stocked,
the-gorham-glossed-down-jacket-1765483665042,The Gorham Glossed Down Jacket,Color,Black,Size,S,,,"",,,Local da loja,,0,0,0,0,0,
the-gorham-glossed-down-jacket-1765483665042,The Gorham Glossed Down Jacket,Color,Black,Size,S,,,"",,,SIHI Fulfillment,,not stocked,not stocked,not stocked,not stocked,not stocked,
the-gorham-glossed-down-jacket-1765483665042,The Gorham Glossed Down Jacket,Color,Black,Size,S,,,"",,,FlowBorder Fulfillment,,not stocked,not stocked,not stocked,not stocked,not stocked,
the-gorham-glossed-down-jacket-1765483665042,The Gorham Glossed Down Jacket,Color,Black,Size,M,,,"",,,Local da loja,,0,0,0,0,0,
the-gorham-glossed-down-jacket-1765483665042,The Gorham Glossed Down Jacket,Color,Black,Size,M,,,"",,,SIHI Fulfillment,,not stocked,not stocked,not stocked,not stocked,not stocked,
the-gorham-glossed-down-jacket-1765483665042,The Gorham Glossed Down Jacket,Color,Black,Size,M,,,"",,,FlowBorder Fulfillment,,not stocked,not stocked,not stocked,not stocked,not stocked,
the-gorham-glossed-down-jacket-1765483665042,The Gorham Glossed Down Jacket,Color,Black,Size,L,,,"",,,Local da loja,,0,0,0,-4,-4,
the-gorham-glossed-down-jacket-1765483665042,The Gorham Glossed Down Jacket,Color,Black,Size,L,,,"",,,SIHI Fulfillment,,not stocked,not stocked,not stocked,not stocked,not stocked,
the-gorham-glossed-down-jacket-1765483665042,The Gorham Glossed Down Jacket,Color,Black,Size,L,,,"",,,FlowBorder Fulfillment,,not stocked,not stocked,not stocked,not stocked,not stocked,
the-gorham-glossed-down-jacket-1765483665042,The Gorham Glossed Down Jacket,Color,Black,Size,XL,,,"",,,Local da loja,,0,0,0,-1,-1,
the-gorham-glossed-down-jacket-1765483665042,The Gorham Glossed Down Jacket,Color,Black,Size,XL,,,"",,,SIHI Fulfillment,,not stocked,not stocked,not stocked,not stocked,not stocked,
the-gorham-glossed-down-jacket-1765483665042,The Gorham Glossed Down Jacket,Color,Black,Size,XL,,,"",,,FlowBorder Fulfillment,,not stocked,not stocked,not stocked,not stocked,not stocked,
the-gorham-glossed-down-jacket-1765483665042,The Gorham Glossed Down Jacket,Color,Black,Size,XXL,,,"",,,Local da loja,,0,0,0,-2,-2,
the-gorham-glossed-down-jacket-1765483665042,The Gorham Glossed Down Jacket,Color,Black,Size,XXL,,,"",,,SIHI Fulfillment,,not stocked,not stocked,not stocked,not stocked,not stocked,
the-gorham-glossed-down-jacket-1765483665042,The Gorham Glossed Down Jacket,Color,Black,Size,XXL,,,"",,,FlowBorder Fulfillment,,not stocked,not stocked,not stocked,not stocked,not stocked,
bi-swing-jacket,Bi-Swing Jacket,Color,Khaki,Size,XS,,,,,,Local da loja,,0,0,0,100,100,
bi-swing-jacket,Bi-Swing Jacket,Color,Khaki,Size,XS,,,,,,SIHI Fulfillment,,not stocked,not stocked,not stocked,not stocked,not stocked,
bi-swing-jacket,Bi-Swing Jacket,Color,Khaki,Size,XS,,,,,,FlowBorder Fulfillment,,not stocked,not stocked,not stocked,not stocked,not stocked,
bi-swing-jacket,Bi-Swing Jacket,Color,Khaki,Size,S,,,,,,Local da loja,,0,0,0,0,0,
bi-swing-jacket,Bi-Swing Jacket,Color,Khaki,Size,S,,,,,,SIHI Fulfillment,,not stocked,not stocked,not stocked,not stocked,not stocked,
bi-swing-jacket,Bi-Swing Jacket,Color,Khaki,Size,S,,,,,,FlowBorder Fulfillment,,not stocked,not stocked,not stocked,not stocked,not stocked,
bi-swing-jacket,Bi-Swing Jacket,Color,Khaki,Size,M,,,,,,Local da loja,,0,0,0,0,0,
bi-swing-jacket,Bi-Swing Jacket,Color,Khaki,Size,M,,,,,,SIHI Fulfillment,,not stocked,not stocked,not stocked,not stocked,not stocked,
bi-swing-jacket,Bi-Swing Jacket,Color,Khaki,Size,M,,,,,,FlowBorder Fulfillment,,not stocked,not stocked,not stocked,not stocked,not stocked,
bi-swing-jacket,Bi-Swing Jacket,Color,Khaki,Size,L,,,,,,Local da loja,,0,0,0,0,0,
bi-swing-jacket,Bi-Swing Jacket,Color,Khaki,Size,L,,,,,,SIHI Fulfillment,,not stocked,not stocked,not stocked,not stocked,not stocked,
bi-swing-jacket,Bi-Swing Jacket,Color,Khaki,Size,L,,,,,,FlowBorder Fulfillment,,not stocked,not stocked,not stocked,not stocked,not stocked,
bi-swing-jacket,Bi-Swing Jacket,Color,Khaki,Size,XL,,,,,,Local da loja,,0,0,0,0,0,
bi-swing-jacket,Bi-Swing Jacket,Color,Khaki,Size,XL,,,,,,SIHI Fulfillment,,not stocked,not stocked,not stocked,not stocked,not stocked,
bi-swing-jacket,Bi-Swing Jacket,Color,Khaki,Size,XL,,,,,,FlowBorder Fulfillment,,not stocked,not stocked,not stocked,not stocked,not stocked,
bi-swing-jacket,Bi-Swing Jacket,Color,Khaki,Size,XXL,,,,,,Local da loja,,0,0,0,0,0,
bi-swing-jacket,Bi-Swing Jacket,Color,Khaki,Size,XXL,,,,,,SIHI Fulfillment,,not stocked,not stocked,not stocked,not stocked,not stocked,
bi-swing-jacket,Bi-Swing Jacket,Color,Khaki,Size,XXL,,,,,,FlowBorder Fulfillment,,not stocked,not stocked,not stocked,not stocked,not stocked,
bi-swing-jacket,Bi-Swing Jacket,Color,Black,Size,XS,,,,,,Local da loja,,0,0,0,0,0,
bi-swing-jacket,Bi-Swing Jacket,Color,Black,Size,XS,,,,,,SIHI Fulfillment,,not stocked,not stocked,not stocked,not stocked,not stocked,
bi-swing-jacket,Bi-Swing Jacket,Color,Black,Size,XS,,,,,,FlowBorder Fulfillment,,not stocked,not stocked,not stocked,not stocked,not stocked,
bi-swing-jacket,Bi-Swing Jacket,Color,Black,Size,S,,,,,,Local da loja,,0,0,0,0,0,
bi-swing-jacket,Bi-Swing Jacket,Color,Black,Size,S,,,,,,SIHI Fulfillment,,not stocked,not stocked,not stocked,not stocked,not stocked,
bi-swing-jacket,Bi-Swing Jacket,Color,Black,Size,S,,,,,,FlowBorder Fulfillment,,not stocked,not stocked,not stocked,not stocked,not stocked,
bi-swing-jacket,Bi-Swing Jacket,Color,Black,Size,M,,,,,,Local da loja,,0,0,0,0,0,
bi-swing-jacket,Bi-Swing Jacket,Color,Black,Size,M,,,,,,SIHI Fulfillment,,not stocked,not stocked,not stocked,not stocked,not stocked,
bi-swing-jacket,Bi-Swing Jacket,Color,Black,Size,M,,,,,,FlowBorder Fulfillment,,not stocked,not stocked,not stocked,not stocked,not stocked,
bi-swing-jacket,Bi-Swing Jacket,Color,Black,Size,L,,,,,,Local da loja,,0,0,0,0,0,
bi-swing-jacket,Bi-Swing Jacket,Color,Black,Size,L,,,,,,SIHI Fulfillment,,not stocked,not stocked,not stocked,not stocked,not stocked,
bi-swing-jacket,Bi-Swing Jacket,Color,Black,Size,L,,,,,,FlowBorder Fulfillment,,not stocked,not stocked,not stocked,not stocked,not stocked,
bi-swing-jacket,Bi-Swing Jacket,Color,Black,Size,XL,,,,,,Local da loja,,0,0,0,0,0,
bi-swing-jacket,Bi-Swing Jacket,Color,Black,Size,XL,,,,,,SIHI Fulfillment,,not stocked,not stocked,not stocked,not stocked,not stocked,
bi-swing-jacket,Bi-Swing Jacket,Color,Black,Size,XL,,,,,,FlowBorder Fulfillment,,not stocked,not stocked,not stocked,not stocked,not stocked,
bi-swing-jacket,Bi-Swing Jacket,Color,Black,Size,XXL,,,,,,Local da loja,,0,0,0,0,0,
bi-swing-jacket,Bi-Swing Jacket,Color,Black,Size,XXL,,,,,,SIHI Fulfillment,,not stocked,not stocked,not stocked,not stocked,not stocked,
bi-swing-jacket,Bi-Swing Jacket,Color,Black,Size,XXL,,,,,,FlowBorder Fulfillment,,not stocked,not stocked,not stocked,not stocked,not stocked,
bi-swing-jacket,Bi-Swing Jacket,Color,Refined Navy,Size,XS,,,"",,,Local da loja,,0,0,0,0,0,
bi-swing-jacket,Bi-Swing Jacket,Color,Refined Navy,Size,XS,,,"",,,SIHI Fulfillment,,not stocked,not stocked,not stocked,not stocked,not stocked,
bi-swing-jacket,Bi-Swing Jacket,Color,Refined Navy,Size,XS,,,"",,,FlowBorder Fulfillment,,not stocked,not stocked,not stocked,not stocked,not stocked,
bi-swing-jacket,Bi-Swing Jacket,Color,Refined Navy,Size,S,,,"",,,Local da loja,,0,0,0,0,0,
bi-swing-jacket,Bi-Swing Jacket,Color,Refined Navy,Size,S,,,"",,,SIHI Fulfillment,,not stocked,not stocked,not stocked,not stocked,not stocked,
bi-swing-jacket,Bi-Swing Jacket,Color,Refined Navy,Size,S,,,"",,,FlowBorder Fulfillment,,not stocked,not stocked,not stocked,not stocked,not stocked,
bi-swing-jacket,Bi-Swing Jacket,Color,Refined Navy,Size,M,,,"",,,Local da loja,,0,0,0,0,0,
bi-swing-jacket,Bi-Swing Jacket,Color,Refined Navy,Size,M,,,"",,,SIHI Fulfillment,,not stocked,not stocked,not stocked,not stocked,not stocked,
bi-swing-jacket,Bi-Swing Jacket,Color,Refined Navy,Size,M,,,"",,,FlowBorder Fulfillment,,not stocked,not stocked,not stocked,not stocked,not stocked,
bi-swing-jacket,Bi-Swing Jacket,Color,Refined Navy,Size,L,,,"",,,Local da loja,,0,0,1,-1,0,
bi-swing-jacket,Bi-Swing Jacket,Color,Refined Navy,Size,L,,,"",,,SIHI Fulfillment,,not stocked,not stocked,not stocked,not stocked,not stocked,
bi-swing-jacket,Bi-Swing Jacket,Color,Refined Navy,Size,L,,,"",,,FlowBorder Fulfillment,,not stocked,not stocked,not stocked,not stocked,not stocked,
bi-swing-jacket,Bi-Swing Jacket,Color,Refined Navy,Size,XL,,,"",,,Local da loja,,0,0,0,0,0,
bi-swing-jacket,Bi-Swing Jacket,Color,Refined Navy,Size,XL,,,"",,,SIHI Fulfillment,,not stocked,not stocked,not stocked,not stocked,not stocked,
bi-swing-jacket,Bi-Swing Jacket,Color,Refined Navy,Size,XL,,,"",,,FlowBorder Fulfillment,,not stocked,not stocked,not stocked,not stocked,not stocked,
bi-swing-jacket,Bi-Swing Jacket,Color,Refined Navy,Size,XXL,,,"",,,Local da loja,,0,0,0,0,0,
bi-swing-jacket,Bi-Swing Jacket,Color,Refined Navy,Size,XXL,,,"",,,SIHI Fulfillment,,not stocked,not stocked,not stocked,not stocked,not stocked,
bi-swing-jacket,Bi-Swing Jacket,Color,Refined Navy,Size,XXL,,,"",,,FlowBorder Fulfillment,,not stocked,not stocked,not stocked,not stocked,not stocked,
the-iconic-flag-sweater,The Iconic Flag Sweater (Unisex),Color,Deckwash White,,,,,,,,Local da loja,,0,0,0,0,0,
the-iconic-flag-sweater,The Iconic Flag Sweater (Unisex),Color,Deckwash White,,,,,,,,SIHI Fulfillment,,not stocked,not stocked,not stocked,not stocked,not stocked,
the-iconic-flag-sweater,The Iconic Flag Sweater (Unisex),Color,Deckwash White,,,,,,,,FlowBorder Fulfillment,,not stocked,not stocked,not stocked,not stocked,not stocked,
the-wyoming-ripstop-down-jacket-1765483663005,The Wyoming Ripstop Down Jacket,Color,Polo Black,Size,S,,,"",,,Local da loja,,0,0,0,0,0,
the-wyoming-ripstop-down-jacket-1765483663005,The Wyoming Ripstop Down Jacket,Color,Polo Black,Size,S,,,"",,,SIHI Fulfillment,,not stocked,not stocked,not stocked,not stocked,not stocked,
the-wyoming-ripstop-down-jacket-1765483663005,The Wyoming Ripstop Down Jacket,Color,Polo Black,Size,S,,,"",,,FlowBorder Fulfillment,,not stocked,not stocked,not stocked,not stocked,not stocked,
the-wyoming-ripstop-down-jacket-1765483663005,The Wyoming Ripstop Down Jacket,Color,Polo Black,Size,M,,,"",,,Local da loja,,0,0,1,-1,0,
the-wyoming-ripstop-down-jacket-1765483663005,The Wyoming Ripstop Down Jacket,Color,Polo Black,Size,M,,,"",,,SIHI Fulfillment,,not stocked,not stocked,not stocked,not stocked,not stocked,
the-wyoming-ripstop-down-jacket-1765483663005,The Wyoming Ripstop Down Jacket,Color,Polo Black,Size,M,,,"",,,FlowBorder Fulfillment,,not stocked,not stocked,not stocked,not stocked,not stocked,
the-wyoming-ripstop-down-jacket-1765483663005,The Wyoming Ripstop Down Jacket,Color,Polo Black,Size,L,,,"",,,Local da loja,,0,0,1,-1,0,
the-wyoming-ripstop-down-jacket-1765483663005,The Wyoming Ripstop Down Jacket,Color,Polo Black,Size,L,,,"",,,SIHI Fulfillment,,not stocked,not stocked,not stocked,not stocked,not stocked,
the-wyoming-ripstop-down-jacket-1765483663005,The Wyoming Ripstop Down Jacket,Color,Polo Black,Size,L,,,"",,,FlowBorder Fulfillment,,not stocked,not stocked,not stocked,not stocked,not stocked,
the-wyoming-ripstop-down-jacket-1765483663005,The Wyoming Ripstop Down Jacket,Color,Polo Black,Size,XL,,,"",,,Local da loja,,0,0,0,0,0,
the-wyoming-ripstop-down-jacket-1765483663005,The Wyoming Ripstop Down Jacket,Color,Polo Black,Size,XL,,,"",,,SIHI Fulfillment,,not stocked,not stocked,not stocked,not stocked,not stocked,
the-wyoming-ripstop-down-jacket-1765483663005,The Wyoming Ripstop Down Jacket,Color,Polo Black,Size,XL,,,"",,,FlowBorder Fulfillment,,not stocked,not stocked,not stocked,not stocked,not stocked,
the-wyoming-ripstop-down-jacket-1765483663005,The Wyoming Ripstop Down Jacket,Color,Polo Black,Size,XXL,,,"",,,Local da loja,,0,0,0,0,0,
the-wyoming-ripstop-down-jacket-1765483663005,The Wyoming Ripstop Down Jacket,Color,Polo Black,Size,XXL,,,"",,,SIHI Fulfillment,,not stocked,not stocked,not stocked,not stocked,not stocked,
the-wyoming-ripstop-down-jacket-1765483663005,The Wyoming Ripstop Down Jacket,Color,Polo Black,Size,XXL,,,"",,,FlowBorder Fulfillment,,not stocked,not stocked,not stocked,not stocked,not stocked,
the-wyoming-ripstop-down-jacket-1765483663005,The Wyoming Ripstop Down Jacket,Color,Ranger Green,Size,XS,,,"",,,Local da loja,,0,0,1,-1,0,
the-wyoming-ripstop-down-jacket-1765483663005,The Wyoming Ripstop Down Jacket,Color,Ranger Green,Size,XS,,,"",,,SIHI Fulfillment,,not stocked,not stocked,not stocked,not stocked,not stocked,
the-wyoming-ripstop-down-jacket-1765483663005,The Wyoming Ripstop Down Jacket,Color,Ranger Green,Size,XS,,,"",,,FlowBorder Fulfillment,,not stocked,not stocked,not stocked,not stocked,not stocked,
the-wyoming-ripstop-down-jacket-1765483663005,The Wyoming Ripstop Down Jacket,Color,Ranger Green,Size,S,,,"",,,Local da loja,,0,0,0,0,0,
the-wyoming-ripstop-down-jacket-1765483663005,The Wyoming Ripstop Down Jacket,Color,Ranger Green,Size,S,,,"",,,SIHI Fulfillment,,not stocked,not stocked,not stocked,not stocked,not stocked,
the-wyoming-ripstop-down-jacket-1765483663005,The Wyoming Ripstop Down Jacket,Color,Ranger Green,Size,S,,,"",,,FlowBorder Fulfillment,,not stocked,not stocked,not stocked,not stocked,not stocked,
the-wyoming-ripstop-down-jacket-1765483663005,The Wyoming Ripstop Down Jacket,Color,Ranger Green,Size,M,,,"",,,Local da loja,,0,0,0,0,0,
the-wyoming-ripstop-down-jacket-1765483663005,The Wyoming Ripstop Down Jacket,Color,Ranger Green,Size,M,,,"",,,SIHI Fulfillment,,not stocked,not stocked,not stocked,not stocked,not stocked,
the-wyoming-ripstop-down-jacket-1765483663005,The Wyoming Ripstop Down Jacket,Color,Ranger Green,Size,M,,,"",,,FlowBorder Fulfillment,,not stocked,not stocked,not stocked,not stocked,not stocked,
the-wyoming-ripstop-down-jacket-1765483663005,The Wyoming Ripstop Down Jacket,Color,Ranger Green,Size,L,,,"",,,Local da loja,,0,0,0,0,0,
the-wyoming-ripstop-down-jacket-1765483663005,The Wyoming Ripstop Down Jacket,Color,Ranger Green,Size,L,,,"",,,SIHI Fulfillment,,not stocked,not stocked,not stocked,not stocked,not stocked,
the-wyoming-ripstop-down-jacket-1765483663005,The Wyoming Ripstop Down Jacket,Color,Ranger Green,Size,L,,,"",,,FlowBorder Fulfillment,,not stocked,not stocked,not stocked,not stocked,not stocked,
the-wyoming-ripstop-down-jacket-1765483663005,The Wyoming Ripstop Down Jacket,Color,Ranger Green,Size,XL,,,"",,,Local da loja,,0,0,0,0,0,
the-wyoming-ripstop-down-jacket-1765483663005,The Wyoming Ripstop Down Jacket,Color,Ranger Green,Size,XL,,,"",,,SIHI Fulfillment,,not stocked,not stocked,not stocked,not stocked,not stocked,
the-wyoming-ripstop-down-jacket-1765483663005,The Wyoming Ripstop Down Jacket,Color,Ranger Green,Size,XL,,,"",,,FlowBorder Fulfillment,,not stocked,not stocked,not stocked,not stocked,not stocked,
the-wyoming-ripstop-down-jacket-1765483663005,The Wyoming Ripstop Down Jacket,Color,Ranger Green,Size,XXL,,,"",,,Local da loja,,0,0,0,0,0,
the-wyoming-ripstop-down-jacket-1765483663005,The Wyoming Ripstop Down Jacket,Color,Ranger Green,Size,XXL,,,"",,,SIHI Fulfillment,,not stocked,not stocked,not stocked,not stocked,not stocked,
the-wyoming-ripstop-down-jacket-1765483663005,The Wyoming Ripstop Down Jacket,Color,Ranger Green,Size,XXL,,,"",,,FlowBorder Fulfillment,,not stocked,not stocked,not stocked,not stocked,not stocked,
the-colden-packable-down-jacket,The Colden Packable Down Jacket,Color,Polo Black,Size,XS,,,"",,,Local da loja,,0,0,0,0,0,
the-colden-packable-down-jacket,The Colden Packable Down Jacket,Color,Polo Black,Size,XS,,,"",,,SIHI Fulfillment,,not stocked,not stocked,not stocked,not stocked,not stocked,
the-colden-packable-down-jacket,The Colden Packable Down Jacket,Color,Polo Black,Size,XS,,,"",,,FlowBorder Fulfillment,,not stocked,not stocked,not stocked,not stocked,not stocked,
the-colden-packable-down-jacket,The Colden Packable Down Jacket,Color,Polo Black,Size,S,,,"",,,Local da loja,,0,0,0,0,0,
the-colden-packable-down-jacket,The Colden Packable Down Jacket,Color,Polo Black,Size,S,,,"",,,SIHI Fulfillment,,not stocked,not stocked,not stocked,not stocked,not stocked,
the-colden-packable-down-jacket,The Colden Packable Down Jacket,Color,Polo Black,Size,S,,,"",,,FlowBorder Fulfillment,,not stocked,not stocked,not stocked,not stocked,not stocked,
the-colden-packable-down-jacket,The Colden Packable Down Jacket,Color,Polo Black,Size,M,,,"",,,Local da loja,,0,0,0,0,0,
the-colden-packable-down-jacket,The Colden Packable Down Jacket,Color,Polo Black,Size,M,,,"",,,SIHI Fulfillment,,not stocked,not stocked,not stocked,not stocked,not stocked,
the-colden-packable-down-jacket,The Colden Packable Down Jacket,Color,Polo Black,Size,M,,,"",,,FlowBorder Fulfillment,,not stocked,not stocked,not stocked,not stocked,not stocked,
the-colden-packable-down-jacket,The Colden Packable Down Jacket,Color,Polo Black,Size,L,,,"",,,Local da loja,,0,0,0,0,0,
the-colden-packable-down-jacket,The Colden Packable Down Jacket,Color,Polo Black,Size,L,,,"",,,SIHI Fulfillment,,not stocked,not stocked,not stocked,not stocked,not stocked,
the-colden-packable-down-jacket,The Colden Packable Down Jacket,Color,Polo Black,Size,L,,,"",,,FlowBorder Fulfillment,,not stocked,not stocked,not stocked,not stocked,not stocked,
the-colden-packable-down-jacket,The Colden Packable Down Jacket,Color,Polo Black,Size,XL,,,"",,,Local da loja,,0,0,0,0,0,
the-colden-packable-down-jacket,The Colden Packable Down Jacket,Color,Polo Black,Size,XL,,,"",,,SIHI Fulfillment,,not stocked,not stocked,not stocked,not stocked,not stocked,
the-colden-packable-down-jacket,The Colden Packable Down Jacket,Color,Polo Black,Size,XL,,,"",,,FlowBorder Fulfillment,,not stocked,not stocked,not stocked,not stocked,not stocked,
the-colden-packable-down-jacket,The Colden Packable Down Jacket,Color,Polo Black,Size,XXL,,,"",,,Local da loja,,0,0,0,0,0,
the-colden-packable-down-jacket,The Colden Packable Down Jacket,Color,Polo Black,Size,XXL,,,"",,,SIHI Fulfillment,,not stocked,not stocked,not stocked,not stocked,not stocked,
the-colden-packable-down-jacket,The Colden Packable Down Jacket,Color,Polo Black,Size,XXL,,,"",,,FlowBorder Fulfillment,,not stocked,not stocked,not stocked,not stocked,not stocked,
the-colden-packable-down-jacket,The Colden Packable Down Jacket,Color,Heritage Royal,Size,XS,,,"",,,Local da loja,,0,0,0,0,0,
the-colden-packable-down-jacket,The Colden Packable Down Jacket,Color,Heritage Royal,Size,XS,,,"",,,SIHI Fulfillment,,not stocked,not stocked,not stocked,not stocked,not stocked,
the-colden-packable-down-jacket,The Colden Packable Down Jacket,Color,Heritage Royal,Size,XS,,,"",,,FlowBorder Fulfillment,,not stocked,not stocked,not stocked,not stocked,not stocked,
the-colden-packable-down-jacket,The Colden Packable Down Jacket,Color,Heritage Royal,Size,S,,,"",,,Local da loja,,0,0,0,0,0,
the-colden-packable-down-jacket,The Colden Packable Down Jacket,Color,Heritage Royal,Size,S,,,"",,,SIHI Fulfillment,,not stocked,not stocked,not stocked,not stocked,not stocked,
the-colden-packable-down-jacket,The Colden Packable Down Jacket,Color,Heritage Royal,Size,S,,,"",,,FlowBorder Fulfillment,,not stocked,not stocked,not stocked,not stocked,not stocked,
the-colden-packable-down-jacket,The Colden Packable Down Jacket,Color,Heritage Royal,Size,M,,,"",,,Local da loja,,0,0,0,0,0,
the-colden-packable-down-jacket,The Colden Packable Down Jacket,Color,Heritage Royal,Size,M,,,"",,,SIHI Fulfillment,,not stocked,not stocked,not stocked,not stocked,not stocked,
the-colden-packable-down-jacket,The Colden Packable Down Jacket,Color,Heritage Royal,Size,M,,,"",,,FlowBorder Fulfillment,,not stocked,not stocked,not stocked,not stocked,not stocked,
the-colden-packable-down-jacket,The Colden Packable Down Jacket,Color,Heritage Royal,Size,L,,,"",,,Local da loja,,0,0,0,0,0,
the-colden-packable-down-jacket,The Colden Packable Down Jacket,Color,Heritage Royal,Size,L,,,"",,,SIHI Fulfillment,,not stocked,not stocked,not stocked,not stocked,not stocked,
the-colden-packable-down-jacket,The Colden Packable Down Jacket,Color,Heritage Royal,Size,L,,,"",,,FlowBorder Fulfillment,,not stocked,not stocked,not stocked,not stocked,not stocked,
the-colden-packable-down-jacket,The Colden Packable Down Jacket,Color,Heritage Royal,Size,XL,,,"",,,Local da loja,,0,0,0,0,0,
the-colden-packable-down-jacket,The Colden Packable Down Jacket,Color,Heritage Royal,Size,XL,,,"",,,SIHI Fulfillment,,not stocked,not stocked,not stocked,not stocked,not stocked,
the-colden-packable-down-jacket,The Colden Packable Down Jacket,Color,Heritage Royal,Size,XL,,,"",,,FlowBorder Fulfillment,,not stocked,not stocked,not stocked,not stocked,not stocked,
the-colden-packable-down-jacket,The Colden Packable Down Jacket,Color,Heritage Royal,Size,XXL,,,"",,,Local da loja,,0,0,0,0,0,
the-colden-packable-down-jacket,The Colden Packable Down Jacket,Color,Heritage Royal,Size,XXL,,,"",,,SIHI Fulfillment,,not stocked,not stocked,not stocked,not stocked,not stocked,
the-colden-packable-down-jacket,The Colden Packable Down Jacket,Color,Heritage Royal,Size,XXL,,,"",,,FlowBorder Fulfillment,,not stocked,not stocked,not stocked,not stocked,not stocked,
cable-knit-wool-cashmere-jumper,Cable-Knit Wool-Cashmere Jumper,Color,Fawn Grey Heather,Tamanho,XS,,,"",,,Local da loja,,0,0,0,0,0,
cable-knit-wool-cashmere-jumper,Cable-Knit Wool-Cashmere Jumper,Color,Fawn Grey Heather,Tamanho,XS,,,"",,,SIHI Fulfillment,,not stocked,not stocked,not stocked,not stocked,not stocked,
cable-knit-wool-cashmere-jumper,Cable-Knit Wool-Cashmere Jumper,Color,Fawn Grey Heather,Tamanho,XS,,,"",,,FlowBorder Fulfillment,,not stocked,not stocked,not stocked,not stocked,not stocked,
cable-knit-wool-cashmere-jumper,Cable-Knit Wool-Cashmere Jumper,Color,Fawn Grey Heather,Tamanho,S,,,"",,,Local da loja,,0,0,0,0,0,
cable-knit-wool-cashmere-jumper,Cable-Knit Wool-Cashmere Jumper,Color,Fawn Grey Heather,Tamanho,S,,,"",,,SIHI Fulfillment,,not stocked,not stocked,not stocked,not stocked,not stocked,
cable-knit-wool-cashmere-jumper,Cable-Knit Wool-Cashmere Jumper,Color,Fawn Grey Heather,Tamanho,S,,,"",,,FlowBorder Fulfillment,,not stocked,not stocked,not stocked,not stocked,not stocked,
cable-knit-wool-cashmere-jumper,Cable-Knit Wool-Cashmere Jumper,Color,Fawn Grey Heather,Tamanho,M,,,"",,,Local da loja,,0,0,0,-1,-1,
cable-knit-wool-cashmere-jumper,Cable-Knit Wool-Cashmere Jumper,Color,Fawn Grey Heather,Tamanho,M,,,"",,,SIHI Fulfillment,,not stocked,not stocked,not stocked,not stocked,not stocked,
cable-knit-wool-cashmere-jumper,Cable-Knit Wool-Cashmere Jumper,Color,Fawn Grey Heather,Tamanho,M,,,"",,,FlowBorder Fulfillment,,not stocked,not stocked,not stocked,not stocked,not stocked,
cable-knit-wool-cashmere-jumper,Cable-Knit Wool-Cashmere Jumper,Color,Fawn Grey Heather,Tamanho,L,,,"",,,Local da loja,,0,0,0,0,0,
cable-knit-wool-cashmere-jumper,Cable-Knit Wool-Cashmere Jumper,Color,Fawn Grey Heather,Tamanho,L,,,"",,,SIHI Fulfillment,,not stocked,not stocked,not stocked,not stocked,not stocked,
cable-knit-wool-cashmere-jumper,Cable-Knit Wool-Cashmere Jumper,Color,Fawn Grey Heather,Tamanho,L,,,"",,,FlowBorder Fulfillment,,not stocked,not stocked,not stocked,not stocked,not stocked,
cable-knit-wool-cashmere-jumper,Cable-Knit Wool-Cashmere Jumper,Color,Fawn Grey Heather,Tamanho,XL,,,"",,,Local da loja,,0,0,0,0,0,
cable-knit-wool-cashmere-jumper,Cable-Knit Wool-Cashmere Jumper,Color,Fawn Grey Heather,Tamanho,XL,,,"",,,SIHI Fulfillment,,not stocked,not stocked,not stocked,not stocked,not stocked,
cable-knit-wool-cashmere-jumper,Cable-Knit Wool-Cashmere Jumper,Color,Fawn Grey Heather,Tamanho,XL,,,"",,,FlowBorder Fulfillment,,not stocked,not stocked,not stocked,not stocked,not stocked,
cable-knit-wool-cashmere-jumper,Cable-Knit Wool-Cashmere Jumper,Color,Fawn Grey Heather,Tamanho,XXL,,,"",,,Local da loja,,0,0,0,0,0,
cable-knit-wool-cashmere-jumper,Cable-Knit Wool-Cashmere Jumper,Color,Fawn Grey Heather,Tamanho,XXL,,,"",,,SIHI Fulfillment,,not stocked,not stocked,not stocked,not stocked,not stocked,
cable-knit-wool-cashmere-jumper,Cable-Knit Wool-Cashmere Jumper,Color,Fawn Grey Heather,Tamanho,XXL,,,"",,,FlowBorder Fulfillment,,not stocked,not stocked,not stocked,not stocked,not stocked,
cable-knit-wool-cashmere-jumper,Cable-Knit Wool-Cashmere Jumper,Color,Camel Melange,Tamanho,XS,,,"",,,Local da loja,,0,0,0,0,0,
cable-knit-wool-cashmere-jumper,Cable-Knit Wool-Cashmere Jumper,Color,Camel Melange,Tamanho,XS,,,"",,,SIHI Fulfillment,,not stocked,not stocked,not stocked,not stocked,not stocked,
cable-knit-wool-cashmere-jumper,Cable-Knit Wool-Cashmere Jumper,Color,Camel Melange,Tamanho,XS,,,"",,,FlowBorder Fulfillment,,not stocked,not stocked,not stocked,not stocked,not stocked,
cable-knit-wool-cashmere-jumper,Cable-Knit Wool-Cashmere Jumper,Color,Camel Melange,Tamanho,S,,,"",,,Local da loja,,0,0,0,-2,-2,
cable-knit-wool-cashmere-jumper,Cable-Knit Wool-Cashmere Jumper,Color,Camel Melange,Tamanho,S,,,"",,,SIHI Fulfillment,,not stocked,not stocked,not stocked,not stocked,not stocked,
cable-knit-wool-cashmere-jumper,Cable-Knit Wool-Cashmere Jumper,Color,Camel Melange,Tamanho,S,,,"",,,FlowBorder Fulfillment,,not stocked,not stocked,not stocked,not stocked,not stocked,
cable-knit-wool-cashmere-jumper,Cable-Knit Wool-Cashmere Jumper,Color,Camel Melange,Tamanho,M,,,"",,,Local da loja,,0,0,0,0,0,
cable-knit-wool-cashmere-jumper,Cable-Knit Wool-Cashmere Jumper,Color,Camel Melange,Tamanho,M,,,"",,,SIHI Fulfillment,,not stocked,not stocked,not stocked,not stocked,not stocked,
cable-knit-wool-cashmere-jumper,Cable-Knit Wool-Cashmere Jumper,Color,Camel Melange,Tamanho,M,,,"",,,FlowBorder Fulfillment,,not stocked,not stocked,not stocked,not stocked,not stocked,
cable-knit-wool-cashmere-jumper,Cable-Knit Wool-Cashmere Jumper,Color,Camel Melange,Tamanho,L,,,"",,,Local da loja,,0,0,0,0,0,
cable-knit-wool-cashmere-jumper,Cable-Knit Wool-Cashmere Jumper,Color,Camel Melange,Tamanho,L,,,"",,,SIHI Fulfillment,,not stocked,not stocked,not stocked,not stocked,not stocked,
cable-knit-wool-cashmere-jumper,Cable-Knit Wool-Cashmere Jumper,Color,Camel Melange,Tamanho,L,,,"",,,FlowBorder Fulfillment,,not stocked,not stocked,not stocked,not stocked,not stocked,
cable-knit-wool-cashmere-jumper,Cable-Knit Wool-Cashmere Jumper,Color,Camel Melange,Tamanho,XL,,,"",,,Local da loja,,0,0,0,0,0,
cable-knit-wool-cashmere-jumper,Cable-Knit Wool-Cashmere Jumper,Color,Camel Melange,Tamanho,XL,,,"",,,SIHI Fulfillment,,not stocked,not stocked,not stocked,not stocked,not stocked,
cable-knit-wool-cashmere-jumper,Cable-Knit Wool-Cashmere Jumper,Color,Camel Melange,Tamanho,XL,,,"",,,FlowBorder Fulfillment,,not stocked,not stocked,not stocked,not stocked,not stocked,
cable-knit-wool-cashmere-jumper,Cable-Knit Wool-Cashmere Jumper,Color,Camel Melange,Tamanho,XXL,,,"",,,Local da loja,,0,0,0,0,0,
cable-knit-wool-cashmere-jumper,Cable-Knit Wool-Cashmere Jumper,Color,Camel Melange,Tamanho,XXL,,,"",,,SIHI Fulfillment,,not stocked,not stocked,not stocked,not stocked,not stocked,
cable-knit-wool-cashmere-jumper,Cable-Knit Wool-Cashmere Jumper,Color,Camel Melange,Tamanho,XXL,,,"",,,FlowBorder Fulfillment,,not stocked,not stocked,not stocked,not stocked,not stocked,
cable-knit-wool-cashmere-jumper,Cable-Knit Wool-Cashmere Jumper,Color,Active Blue,Tamanho,XS,,,"",,,Local da loja,,0,0,0,0,0,
cable-knit-wool-cashmere-jumper,Cable-Knit Wool-Cashmere Jumper,Color,Active Blue,Tamanho,XS,,,"",,,SIHI Fulfillment,,not stocked,not stocked,not stocked,not stocked,not stocked,
cable-knit-wool-cashmere-jumper,Cable-Knit Wool-Cashmere Jumper,Color,Active Blue,Tamanho,XS,,,"",,,FlowBorder Fulfillment,,not stocked,not stocked,not stocked,not stocked,not stocked,
cable-knit-wool-cashmere-jumper,Cable-Knit Wool-Cashmere Jumper,Color,Active Blue,Tamanho,S,,,"",,,Local da loja,,0,0,0,0,0,
cable-knit-wool-cashmere-jumper,Cable-Knit Wool-Cashmere Jumper,Color,Active Blue,Tamanho,S,,,"",,,SIHI Fulfillment,,not stocked,not stocked,not stocked,not stocked,not stocked,
cable-knit-wool-cashmere-jumper,Cable-Knit Wool-Cashmere Jumper,Color,Active Blue,Tamanho,S,,,"",,,FlowBorder Fulfillment,,not stocked,not stocked,not stocked,not stocked,not stocked,
cable-knit-wool-cashmere-jumper,Cable-Knit Wool-Cashmere Jumper,Color,Active Blue,Tamanho,M,,,"",,,Local da loja,,0,0,0,0,0,
cable-knit-wool-cashmere-jumper,Cable-Knit Wool-Cashmere Jumper,Color,Active Blue,Tamanho,M,,,"",,,SIHI Fulfillment,,not stocked,not stocked,not stocked,not stocked,not stocked,
cable-knit-wool-cashmere-jumper,Cable-Knit Wool-Cashmere Jumper,Color,Active Blue,Tamanho,M,,,"",,,FlowBorder Fulfillment,,not stocked,not stocked,not stocked,not stocked,not stocked,
cable-knit-wool-cashmere-jumper,Cable-Knit Wool-Cashmere Jumper,Color,Active Blue,Tamanho,L,,,"",,,Local da loja,,0,0,0,0,0,
cable-knit-wool-cashmere-jumper,Cable-Knit Wool-Cashmere Jumper,Color,Active Blue,Tamanho,L,,,"",,,SIHI Fulfillment,,not stocked,not stocked,not stocked,not stocked,not stocked,
cable-knit-wool-cashmere-jumper,Cable-Knit Wool-Cashmere Jumper,Color,Active Blue,Tamanho,L,,,"",,,FlowBorder Fulfillment,,not stocked,not stocked,not stocked,not stocked,not stocked,
cable-knit-wool-cashmere-jumper,Cable-Knit Wool-Cashmere Jumper,Color,Active Blue,Tamanho,XL,,,"",,,Local da loja,,0,0,0,0,0,
cable-knit-wool-cashmere-jumper,Cable-Knit Wool-Cashmere Jumper,Color,Active Blue,Tamanho,XL,,,"",,,SIHI Fulfillment,,not stocked,not stocked,not stocked,not stocked,not stocked,
cable-knit-wool-cashmere-jumper,Cable-Knit Wool-Cashmere Jumper,Color,Active Blue,Tamanho,XL,,,"",,,FlowBorder Fulfillment,,not stocked,not stocked,not stocked,not stocked,not stocked,
cable-knit-wool-cashmere-jumper,Cable-Knit Wool-Cashmere Jumper,Color,Active Blue,Tamanho,XXL,,,"",,,Local da loja,,0,0,0,0,0,
cable-knit-wool-cashmere-jumper,Cable-Knit Wool-Cashmere Jumper,Color,Active Blue,Tamanho,XXL,,,"",,,SIHI Fulfillment,,not stocked,not stocked,not stocked,not stocked,not stocked,
cable-knit-wool-cashmere-jumper,Cable-Knit Wool-Cashmere Jumper,Color,Active Blue,Tamanho,XXL,,,"",,,FlowBorder Fulfillment,,not stocked,not stocked,not stocked,not stocked,not stocked,
cable-knit-wool-cashmere-jumper,Cable-Knit Wool-Cashmere Jumper,Color,Red,Tamanho,XS,,,"",,,Local da loja,,0,0,0,0,0,
cable-knit-wool-cashmere-jumper,Cable-Knit Wool-Cashmere Jumper,Color,Red,Tamanho,XS,,,"",,,SIHI Fulfillment,,not stocked,not stocked,not stocked,not stocked,not stocked,
cable-knit-wool-cashmere-jumper,Cable-Knit Wool-Cashmere Jumper,Color,Red,Tamanho,XS,,,"",,,FlowBorder Fulfillment,,not stocked,not stocked,not stocked,not stocked,not stocked,
cable-knit-wool-cashmere-jumper,Cable-Knit Wool-Cashmere Jumper,Color,Red,Tamanho,S,,,"",,,Local da loja,,0,0,0,0,0,
cable-knit-wool-cashmere-jumper,Cable-Knit Wool-Cashmere Jumper,Color,Red,Tamanho,S,,,"",,,SIHI Fulfillment,,not stocked,not stocked,not stocked,not stocked,not stocked,
cable-knit-wool-cashmere-jumper,Cable-Knit Wool-Cashmere Jumper,Color,Red,Tamanho,S,,,"",,,FlowBorder Fulfillment,,not stocked,not stocked,not stocked,not stocked,not stocked,
cable-knit-wool-cashmere-jumper,Cable-Knit Wool-Cashmere Jumper,Color,Red,Tamanho,M,,,"",,,Local da loja,,0,0,0,0,0,
cable-knit-wool-cashmere-jumper,Cable-Knit Wool-Cashmere Jumper,Color,Red,Tamanho,M,,,"",,,SIHI Fulfillment,,not stocked,not stocked,not stocked,not stocked,not stocked,
cable-knit-wool-cashmere-jumper,Cable-Knit Wool-Cashmere Jumper,Color,Red,Tamanho,M,,,"",,,FlowBorder Fulfillment,,not stocked,not stocked,not stocked,not stocked,not stocked,
cable-knit-wool-cashmere-jumper,Cable-Knit Wool-Cashmere Jumper,Color,Red,Tamanho,L,,,"",,,Local da loja,,0,0,0,0,0,
cable-knit-wool-cashmere-jumper,Cable-Knit Wool-Cashmere Jumper,Color,Red,Tamanho,L,,,"",,,SIHI Fulfillment,,not stocked,not stocked,not stocked,not stocked,not stocked,
cable-knit-wool-cashmere-jumper,Cable-Knit Wool-Cashmere Jumper,Color,Red,Tamanho,L,,,"",,,FlowBorder Fulfillment,,not stocked,not stocked,not stocked,not stocked,not stocked,
cable-knit-wool-cashmere-jumper,Cable-Knit Wool-Cashmere Jumper,Color,Red,Tamanho,XL,,,"",,,Local da loja,,0,0,0,0,0,
cable-knit-wool-cashmere-jumper,Cable-Knit Wool-Cashmere Jumper,Color,Red,Tamanho,XL,,,"",,,SIHI Fulfillment,,not stocked,not stocked,not stocked,not stocked,not stocked,
cable-knit-wool-cashmere-jumper,Cable-Knit Wool-Cashmere Jumper,Color,Red,Tamanho,XL,,,"",,,FlowBorder Fulfillment,,not stocked,not stocked,not stocked,not stocked,not stocked,
cable-knit-wool-cashmere-jumper,Cable-Knit Wool-Cashmere Jumper,Color,Red,Tamanho,XXL,,,"",,,Local da loja,,0,0,0,0,0,
cable-knit-wool-cashmere-jumper,Cable-Knit Wool-Cashmere Jumper,Color,Red,Tamanho,XXL,,,"",,,SIHI Fulfillment,,not stocked,not stocked,not stocked,not stocked,not stocked,
cable-knit-wool-cashmere-jumper,Cable-Knit Wool-Cashmere Jumper,Color,Red,Tamanho,XXL,,,"",,,FlowBorder Fulfillment,,not stocked,not stocked,not stocked,not stocked,not stocked,
polo-bear-linen-cotton-jumper,Polo Bear Linen-Cotton Jumper,Color,Deckwash White,Size,XS,,,,,,Local da loja,,0,0,0,100,100,
polo-bear-linen-cotton-jumper,Polo Bear Linen-Cotton Jumper,Color,Deckwash White,Size,XS,,,,,,SIHI Fulfillment,,not stocked,not stocked,not stocked,not stocked,not stocked,
polo-bear-linen-cotton-jumper,Polo Bear Linen-Cotton Jumper,Color,Deckwash White,Size,XS,,,,,,FlowBorder Fulfillment,,not stocked,not stocked,not stocked,not stocked,not stocked,
polo-bear-linen-cotton-jumper,Polo Bear Linen-Cotton Jumper,Color,Deckwash White,Size,S,,,"",,,Local da loja,,0,0,0,0,0,
polo-bear-linen-cotton-jumper,Polo Bear Linen-Cotton Jumper,Color,Deckwash White,Size,S,,,"",,,SIHI Fulfillment,,not stocked,not stocked,not stocked,not stocked,not stocked,
polo-bear-linen-cotton-jumper,Polo Bear Linen-Cotton Jumper,Color,Deckwash White,Size,S,,,"",,,FlowBorder Fulfillment,,not stocked,not stocked,not stocked,not stocked,not stocked,
polo-bear-linen-cotton-jumper,Polo Bear Linen-Cotton Jumper,Color,Deckwash White,Size,M,,,"",,,Local da loja,,0,0,0,0,0,
polo-bear-linen-cotton-jumper,Polo Bear Linen-Cotton Jumper,Color,Deckwash White,Size,M,,,"",,,SIHI Fulfillment,,not stocked,not stocked,not stocked,not stocked,not stocked,
polo-bear-linen-cotton-jumper,Polo Bear Linen-Cotton Jumper,Color,Deckwash White,Size,M,,,"",,,FlowBorder Fulfillment,,not stocked,not stocked,not stocked,not stocked,not stocked,
polo-bear-linen-cotton-jumper,Polo Bear Linen-Cotton Jumper,Color,Deckwash White,Size,L,,,"",,,Local da loja,,0,0,0,0,0,
polo-bear-linen-cotton-jumper,Polo Bear Linen-Cotton Jumper,Color,Deckwash White,Size,L,,,"",,,SIHI Fulfillment,,not stocked,not stocked,not stocked,not stocked,not stocked,
polo-bear-linen-cotton-jumper,Polo Bear Linen-Cotton Jumper,Color,Deckwash White,Size,L,,,"",,,FlowBorder Fulfillment,,not stocked,not stocked,not stocked,not stocked,not stocked,
polo-bear-linen-cotton-jumper,Polo Bear Linen-Cotton Jumper,Color,Deckwash White,Size,XL,,,"",,,Local da loja,,0,0,0,0,0,
polo-bear-linen-cotton-jumper,Polo Bear Linen-Cotton Jumper,Color,Deckwash White,Size,XL,,,"",,,SIHI Fulfillment,,not stocked,not stocked,not stocked,not stocked,not stocked,
polo-bear-linen-cotton-jumper,Polo Bear Linen-Cotton Jumper,Color,Deckwash White,Size,XL,,,"",,,FlowBorder Fulfillment,,not stocked,not stocked,not stocked,not stocked,not stocked,
polo-bear-linen-cotton-jumper,Polo Bear Linen-Cotton Jumper,Color,Deckwash White,Size,XXL,,,"",,,Local da loja,,0,0,0,0,0,
polo-bear-linen-cotton-jumper,Polo Bear Linen-Cotton Jumper,Color,Deckwash White,Size,XXL,,,"",,,SIHI Fulfillment,,not stocked,not stocked,not stocked,not stocked,not stocked,
polo-bear-linen-cotton-jumper,Polo Bear Linen-Cotton Jumper,Color,Deckwash White,Size,XXL,,,"",,,FlowBorder Fulfillment,,not stocked,not stocked,not stocked,not stocked,not stocked,
polo-bear-linen-cotton-jumper,Polo Bear Linen-Cotton Jumper,Color,Navy,Size,XS,,,"",,,Local da loja,,0,0,0,0,0,
polo-bear-linen-cotton-jumper,Polo Bear Linen-Cotton Jumper,Color,Navy,Size,XS,,,"",,,SIHI Fulfillment,,not stocked,not stocked,not stocked,not stocked,not stocked,
polo-bear-linen-cotton-jumper,Polo Bear Linen-Cotton Jumper,Color,Navy,Size,XS,,,"",,,FlowBorder Fulfillment,,not stocked,not stocked,not stocked,not stocked,not stocked,
polo-bear-linen-cotton-jumper,Polo Bear Linen-Cotton Jumper,Color,Navy,Size,S,,,"",,,Local da loja,,0,0,0,-1,-1,
polo-bear-linen-cotton-jumper,Polo Bear Linen-Cotton Jumper,Color,Navy,Size,S,,,"",,,SIHI Fulfillment,,not stocked,not stocked,not stocked,not stocked,not stocked,
polo-bear-linen-cotton-jumper,Polo Bear Linen-Cotton Jumper,Color,Navy,Size,S,,,"",,,FlowBorder Fulfillment,,not stocked,not stocked,not stocked,not stocked,not stocked,
polo-bear-linen-cotton-jumper,Polo Bear Linen-Cotton Jumper,Color,Navy,Size,M,,,"",,,Local da loja,,0,0,0,-2,-2,
polo-bear-linen-cotton-jumper,Polo Bear Linen-Cotton Jumper,Color,Navy,Size,M,,,"",,,SIHI Fulfillment,,not stocked,not stocked,not stocked,not stocked,not stocked,
polo-bear-linen-cotton-jumper,Polo Bear Linen-Cotton Jumper,Color,Navy,Size,M,,,"",,,FlowBorder Fulfillment,,not stocked,not stocked,not stocked,not stocked,not stocked,
polo-bear-linen-cotton-jumper,Polo Bear Linen-Cotton Jumper,Color,Navy,Size,L,,,"",,,Local da loja,,0,0,0,0,0,
polo-bear-linen-cotton-jumper,Polo Bear Linen-Cotton Jumper,Color,Navy,Size,L,,,"",,,SIHI Fulfillment,,not stocked,not stocked,not stocked,not stocked,not stocked,
polo-bear-linen-cotton-jumper,Polo Bear Linen-Cotton Jumper,Color,Navy,Size,L,,,"",,,FlowBorder Fulfillment,,not stocked,not stocked,not stocked,not stocked,not stocked,
polo-bear-linen-cotton-jumper,Polo Bear Linen-Cotton Jumper,Color,Navy,Size,XL,,,"",,,Local da loja,,0,0,0,-1,-1,
polo-bear-linen-cotton-jumper,Polo Bear Linen-Cotton Jumper,Color,Navy,Size,XL,,,"",,,SIHI Fulfillment,,not stocked,not stocked,not stocked,not stocked,not stocked,
polo-bear-linen-cotton-jumper,Polo Bear Linen-Cotton Jumper,Color,Navy,Size,XL,,,"",,,FlowBorder Fulfillment,,not stocked,not stocked,not stocked,not stocked,not stocked,
polo-bear-linen-cotton-jumper,Polo Bear Linen-Cotton Jumper,Color,Navy,Size,XXL,,,"",,,Local da loja,,0,0,0,0,0,
polo-bear-linen-cotton-jumper,Polo Bear Linen-Cotton Jumper,Color,Navy,Size,XXL,,,"",,,SIHI Fulfillment,,not stocked,not stocked,not stocked,not stocked,not stocked,
polo-bear-linen-cotton-jumper,Polo Bear Linen-Cotton Jumper,Color,Navy,Size,XXL,,,"",,,FlowBorder Fulfillment,,not stocked,not stocked,not stocked,not stocked,not stocked,
the-colden-packable-down-jacket,The Colden Packable Down Jacket,Color,Collection Navy,Size,S,,,"",,,Local da loja,,0,0,0,0,0,
the-colden-packable-down-jacket,The Colden Packable Down Jacket,Color,Collection Navy,Size,S,,,"",,,SIHI Fulfillment,,not stocked,not stocked,not stocked,not stocked,not stocked,
the-colden-packable-down-jacket,The Colden Packable Down Jacket,Color,Collection Navy,Size,S,,,"",,,FlowBorder Fulfillment,,not stocked,not stocked,not stocked,not stocked,not stocked,
the-colden-packable-down-jacket,The Colden Packable Down Jacket,Color,Collection Navy,Size,M,,,"",,,Local da loja,,0,0,0,0,0,
the-colden-packable-down-jacket,The Colden Packable Down Jacket,Color,Collection Navy,Size,M,,,"",,,SIHI Fulfillment,,not stocked,not stocked,not stocked,not stocked,not stocked,
the-colden-packable-down-jacket,The Colden Packable Down Jacket,Color,Collection Navy,Size,M,,,"",,,FlowBorder Fulfillment,,not stocked,not stocked,not stocked,not stocked,not stocked,
the-colden-packable-down-jacket,The Colden Packable Down Jacket,Color,Collection Navy,Size,L,,,"",,,Local da loja,,0,0,0,0,0,
the-colden-packable-down-jacket,The Colden Packable Down Jacket,Color,Collection Navy,Size,L,,,"",,,SIHI Fulfillment,,not stocked,not stocked,not stocked,not stocked,not stocked,
the-colden-packable-down-jacket,The Colden Packable Down Jacket,Color,Collection Navy,Size,L,,,"",,,FlowBorder Fulfillment,,not stocked,not stocked,not stocked,not stocked,not stocked,
the-colden-packable-down-jacket,The Colden Packable Down Jacket,Color,Collection Navy,Size,XL,,,"",,,Local da loja,,0,0,0,0,0,
the-colden-packable-down-jacket,The Colden Packable Down Jacket,Color,Collection Navy,Size,XL,,,"",,,SIHI Fulfillment,,not stocked,not stocked,not stocked,not stocked,not stocked,
the-colden-packable-down-jacket,The Colden Packable Down Jacket,Color,Collection Navy,Size,XL,,,"",,,FlowBorder Fulfillment,,not stocked,not stocked,not stocked,not stocked,not stocked,
the-colden-packable-down-jacket,The Colden Packable Down Jacket,Color,Collection Navy,Size,XXL,,,"",,,Local da loja,,0,0,0,0,0,
the-colden-packable-down-jacket,The Colden Packable Down Jacket,Color,Collection Navy,Size,XXL,,,"",,,SIHI Fulfillment,,not stocked,not stocked,not stocked,not stocked,not stocked,
the-colden-packable-down-jacket,The Colden Packable Down Jacket,Color,Collection Navy,Size,XXL,,,"",,,FlowBorder Fulfillment,,not stocked,not stocked,not stocked,not stocked,not stocked,
the-colden-packable-down-jacket,The Colden Packable Down Jacket,Color,Ranger Green,Size,XS,,,"",,,Local da loja,,0,0,0,0,0,
the-colden-packable-down-jacket,The Colden Packable Down Jacket,Color,Ranger Green,Size,XS,,,"",,,SIHI Fulfillment,,not stocked,not stocked,not stocked,not stocked,not stocked,
the-colden-packable-down-jacket,The Colden Packable Down Jacket,Color,Ranger Green,Size,XS,,,"",,,FlowBorder Fulfillment,,not stocked,not stocked,not stocked,not stocked,not stocked,
the-colden-packable-down-jacket,The Colden Packable Down Jacket,Color,Ranger Green,Size,S,,,"",,,Local da loja,,0,0,0,0,0,
the-colden-packable-down-jacket,The Colden Packable Down Jacket,Color,Ranger Green,Size,S,,,"",,,SIHI Fulfillment,,not stocked,not stocked,not stocked,not stocked,not stocked,
the-colden-packable-down-jacket,The Colden Packable Down Jacket,Color,Ranger Green,Size,S,,,"",,,FlowBorder Fulfillment,,not stocked,not stocked,not stocked,not stocked,not stocked,
the-colden-packable-down-jacket,The Colden Packable Down Jacket,Color,Ranger Green,Size,M,,,"",,,Local da loja,,0,0,0,0,0,
the-colden-packable-down-jacket,The Colden Packable Down Jacket,Color,Ranger Green,Size,M,,,"",,,SIHI Fulfillment,,not stocked,not stocked,not stocked,not stocked,not stocked,
the-colden-packable-down-jacket,The Colden Packable Down Jacket,Color,Ranger Green,Size,M,,,"",,,FlowBorder Fulfillment,,not stocked,not stocked,not stocked,not stocked,not stocked,
the-colden-packable-down-jacket,The Colden Packable Down Jacket,Color,Ranger Green,Size,L,,,"",,,Local da loja,,0,0,0,0,0,
the-colden-packable-down-jacket,The Colden Packable Down Jacket,Color,Ranger Green,Size,L,,,"",,,SIHI Fulfillment,,not stocked,not stocked,not stocked,not stocked,not stocked,
the-colden-packable-down-jacket,The Colden Packable Down Jacket,Color,Ranger Green,Size,L,,,"",,,FlowBorder Fulfillment,,not stocked,not stocked,not stocked,not stocked,not stocked,
the-colden-packable-down-jacket,The Colden Packable Down Jacket,Color,Ranger Green,Size,XL,,,"",,,Local da loja,,0,0,1,-1,0,
the-colden-packable-down-jacket,The Colden Packable Down Jacket,Color,Ranger Green,Size,XL,,,"",,,SIHI Fulfillment,,not stocked,not stocked,not stocked,not stocked,not stocked,
the-colden-packable-down-jacket,The Colden Packable Down Jacket,Color,Ranger Green,Size,XL,,,"",,,FlowBorder Fulfillment,,not stocked,not stocked,not stocked,not stocked,not stocked,
the-colden-packable-down-jacket,The Colden Packable Down Jacket,Color,Ranger Green,Size,XXL,,,"",,,Local da loja,,0,0,0,0,0,
the-colden-packable-down-jacket,The Colden Packable Down Jacket,Color,Ranger Green,Size,XXL,,,"",,,SIHI Fulfillment,,not stocked,not stocked,not stocked,not stocked,not stocked,
the-colden-packable-down-jacket,The Colden Packable Down Jacket,Color,Ranger Green,Size,XXL,,,"",,,FlowBorder Fulfillment,,not stocked,not stocked,not stocked,not stocked,not stocked,
the-gorham-glossed-down-jacket-1765483665042,The Gorham Glossed Down Jacket,Color,Black,Size,XS,,,"",,,Local da loja,,0,0,0,0,0,
the-gorham-glossed-down-jacket-1765483665042,The Gorham Glossed Down Jacket,Color,Black,Size,XS,,,"",,,SIHI Fulfillment,,not stocked,not stocked,not stocked,not stocked,not stocked,
the-gorham-glossed-down-jacket-1765483665042,The Gorham Glossed Down Jacket,Color,Black,Size,XS,,,"",,,FlowBorder Fulfillment,,not stocked,not stocked,not stocked,not stocked,not stocked,
the-gorham-glossed-down-jacket-1765483665042,The Gorham Glossed Down Jacket,Color,Collection Navy Glossy,Size,S,,,"",,,Local da loja,,0,0,0,0,0,
the-gorham-glossed-down-jacket-1765483665042,The Gorham Glossed Down Jacket,Color,Collection Navy Glossy,Size,S,,,"",,,SIHI Fulfillment,,not stocked,not stocked,not stocked,not stocked,not stocked,
the-gorham-glossed-down-jacket-1765483665042,The Gorham Glossed Down Jacket,Color,Collection Navy Glossy,Size,S,,,"",,,FlowBorder Fulfillment,,not stocked,not stocked,not stocked,not stocked,not stocked,
the-gorham-glossed-down-jacket-1765483665042,The Gorham Glossed Down Jacket,Color,Collection Navy Glossy,Size,M,,,"",,,Local da loja,,0,0,0,-5,-5,
the-gorham-glossed-down-jacket-1765483665042,The Gorham Glossed Down Jacket,Color,Collection Navy Glossy,Size,M,,,"",,,SIHI Fulfillment,,not stocked,not stocked,not stocked,not stocked,not stocked,
the-gorham-glossed-down-jacket-1765483665042,The Gorham Glossed Down Jacket,Color,Collection Navy Glossy,Size,M,,,"",,,FlowBorder Fulfillment,,not stocked,not stocked,not stocked,not stocked,not stocked,
double-knit-quarter-zip-pullover,Double-Knit Quarter-Zip Pullover,Color,White,Tamanho,XL,,,"",,,Local da loja,,0,0,0,0,0,
double-knit-quarter-zip-pullover,Double-Knit Quarter-Zip Pullover,Color,White,Tamanho,XL,,,"",,,SIHI Fulfillment,,not stocked,not stocked,not stocked,not stocked,not stocked,
double-knit-quarter-zip-pullover,Double-Knit Quarter-Zip Pullover,Color,White,Tamanho,XL,,,"",,,FlowBorder Fulfillment,,not stocked,not stocked,not stocked,not stocked,not stocked,
double-knit-quarter-zip-pullover,Double-Knit Quarter-Zip Pullover,Color,White,Tamanho,XXL,,,"",,,Local da loja,,0,0,0,0,0,
double-knit-quarter-zip-pullover,Double-Knit Quarter-Zip Pullover,Color,White,Tamanho,XXL,,,"",,,SIHI Fulfillment,,not stocked,not stocked,not stocked,not stocked,not stocked,
double-knit-quarter-zip-pullover,Double-Knit Quarter-Zip Pullover,Color,White,Tamanho,XXL,,,"",,,FlowBorder Fulfillment,,not stocked,not stocked,not stocked,not stocked,not stocked,
double-knit-quarter-zip-pullover,Double-Knit Quarter-Zip Pullover,Color,Supply Olive,Tamanho,XS,,,"",,,Local da loja,,0,0,0,0,0,
double-knit-quarter-zip-pullover,Double-Knit Quarter-Zip Pullover,Color,Supply Olive,Tamanho,XS,,,"",,,SIHI Fulfillment,,not stocked,not stocked,not stocked,not stocked,not stocked,
double-knit-quarter-zip-pullover,Double-Knit Quarter-Zip Pullover,Color,Supply Olive,Tamanho,XS,,,"",,,FlowBorder Fulfillment,,not stocked,not stocked,not stocked,not stocked,not stocked,
double-knit-quarter-zip-pullover,Double-Knit Quarter-Zip Pullover,Color,Supply Olive,Tamanho,S,,,"",,,Local da loja,,0,0,0,0,0,
double-knit-quarter-zip-pullover,Double-Knit Quarter-Zip Pullover,Color,Supply Olive,Tamanho,S,,,"",,,SIHI Fulfillment,,not stocked,not stocked,not stocked,not stocked,not stocked,
double-knit-quarter-zip-pullover,Double-Knit Quarter-Zip Pullover,Color,Supply Olive,Tamanho,S,,,"",,,FlowBorder Fulfillment,,not stocked,not stocked,not stocked,not stocked,not stocked,
double-knit-quarter-zip-pullover,Double-Knit Quarter-Zip Pullover,Color,Supply Olive,Tamanho,M,,,"",,,Local da loja,,0,0,1,-1,0,
double-knit-quarter-zip-pullover,Double-Knit Quarter-Zip Pullover,Color,Supply Olive,Tamanho,M,,,"",,,SIHI Fulfillment,,not stocked,not stocked,not stocked,not stocked,not stocked,
double-knit-quarter-zip-pullover,Double-Knit Quarter-Zip Pullover,Color,Supply Olive,Tamanho,M,,,"",,,FlowBorder Fulfillment,,not stocked,not stocked,not stocked,not stocked,not stocked,
double-knit-quarter-zip-pullover,Double-Knit Quarter-Zip Pullover,Color,Supply Olive,Tamanho,L,,,"",,,Local da loja,,0,0,0,0,0,
double-knit-quarter-zip-pullover,Double-Knit Quarter-Zip Pullover,Color,Supply Olive,Tamanho,L,,,"",,,SIHI Fulfillment,,not stocked,not stocked,not stocked,not stocked,not stocked,
double-knit-quarter-zip-pullover,Double-Knit Quarter-Zip Pullover,Color,Supply Olive,Tamanho,L,,,"",,,FlowBorder Fulfillment,,not stocked,not stocked,not stocked,not stocked,not stocked,
double-knit-quarter-zip-pullover,Double-Knit Quarter-Zip Pullover,Color,Supply Olive,Tamanho,XL,,,"",,,Local da loja,,0,0,0,0,0,
double-knit-quarter-zip-pullover,Double-Knit Quarter-Zip Pullover,Color,Supply Olive,Tamanho,XL,,,"",,,SIHI Fulfillment,,not stocked,not stocked,not stocked,not stocked,not stocked,
double-knit-quarter-zip-pullover,Double-Knit Quarter-Zip Pullover,Color,Supply Olive,Tamanho,XL,,,"",,,FlowBorder Fulfillment,,not stocked,not stocked,not stocked,not stocked,not stocked,
double-knit-quarter-zip-pullover,Double-Knit Quarter-Zip Pullover,Color,Supply Olive,Tamanho,XXL,,,"",,,Local da loja,,0,0,0,0,0,
double-knit-quarter-zip-pullover,Double-Knit Quarter-Zip Pullover,Color,Supply Olive,Tamanho,XXL,,,"",,,SIHI Fulfillment,,not stocked,not stocked,not stocked,not stocked,not stocked,
double-knit-quarter-zip-pullover,Double-Knit Quarter-Zip Pullover,Color,Supply Olive,Tamanho,XXL,,,"",,,FlowBorder Fulfillment,,not stocked,not stocked,not stocked,not stocked,not stocked,
double-knit-quarter-zip-pullover,Double-Knit Quarter-Zip Pullover,Color,Delta Blue,Tamanho,XS,,,"",,,Local da loja,,0,0,0,0,0,
double-knit-quarter-zip-pullover,Double-Knit Quarter-Zip Pullover,Color,Delta Blue,Tamanho,XS,,,"",,,SIHI Fulfillment,,not stocked,not stocked,not stocked,not stocked,not stocked,
double-knit-quarter-zip-pullover,Double-Knit Quarter-Zip Pullover,Color,Delta Blue,Tamanho,XS,,,"",,,FlowBorder Fulfillment,,not stocked,not stocked,not stocked,not stocked,not stocked,
double-knit-quarter-zip-pullover,Double-Knit Quarter-Zip Pullover,Color,Delta Blue,Tamanho,S,,,"",,,Local da loja,,0,0,0,0,0,
double-knit-quarter-zip-pullover,Double-Knit Quarter-Zip Pullover,Color,Delta Blue,Tamanho,S,,,"",,,SIHI Fulfillment,,not stocked,not stocked,not stocked,not stocked,not stocked,
double-knit-quarter-zip-pullover,Double-Knit Quarter-Zip Pullover,Color,Delta Blue,Tamanho,S,,,"",,,FlowBorder Fulfillment,,not stocked,not stocked,not stocked,not stocked,not stocked,
double-knit-quarter-zip-pullover,Double-Knit Quarter-Zip Pullover,Color,Delta Blue,Tamanho,M,,,"",,,Local da loja,,0,0,1,-1,0,
double-knit-quarter-zip-pullover,Double-Knit Quarter-Zip Pullover,Color,Delta Blue,Tamanho,M,,,"",,,SIHI Fulfillment,,not stocked,not stocked,not stocked,not stocked,not stocked,
double-knit-quarter-zip-pullover,Double-Knit Quarter-Zip Pullover,Color,Delta Blue,Tamanho,M,,,"",,,FlowBorder Fulfillment,,not stocked,not stocked,not stocked,not stocked,not stocked,
double-knit-quarter-zip-pullover,Double-Knit Quarter-Zip Pullover,Color,Delta Blue,Tamanho,L,,,"",,,Local da loja,,0,0,0,0,0,
double-knit-quarter-zip-pullover,Double-Knit Quarter-Zip Pullover,Color,Delta Blue,Tamanho,L,,,"",,,SIHI Fulfillment,,not stocked,not stocked,not stocked,not stocked,not stocked,
double-knit-quarter-zip-pullover,Double-Knit Quarter-Zip Pullover,Color,Delta Blue,Tamanho,L,,,"",,,FlowBorder Fulfillment,,not stocked,not stocked,not stocked,not stocked,not stocked,
double-knit-quarter-zip-pullover,Double-Knit Quarter-Zip Pullover,Color,Delta Blue,Tamanho,XL,,,"",,,Local da loja,,0,0,0,0,0,
double-knit-quarter-zip-pullover,Double-Knit Quarter-Zip Pullover,Color,Delta Blue,Tamanho,XL,,,"",,,SIHI Fulfillment,,not stocked,not stocked,not stocked,not stocked,not stocked,
double-knit-quarter-zip-pullover,Double-Knit Quarter-Zip Pullover,Color,Delta Blue,Tamanho,XL,,,"",,,FlowBorder Fulfillment,,not stocked,not stocked,not stocked,not stocked,not stocked,
double-knit-quarter-zip-pullover,Double-Knit Quarter-Zip Pullover,Color,Delta Blue,Tamanho,XXL,,,"",,,Local da loja,,0,0,0,0,0,
double-knit-quarter-zip-pullover,Double-Knit Quarter-Zip Pullover,Color,Delta Blue,Tamanho,XXL,,,"",,,SIHI Fulfillment,,not stocked,not stocked,not stocked,not stocked,not stocked,
double-knit-quarter-zip-pullover,Double-Knit Quarter-Zip Pullover,Color,Delta Blue,Tamanho,XXL,,,"",,,FlowBorder Fulfillment,,not stocked,not stocked,not stocked,not stocked,not stocked,
double-knit-quarter-zip-pullover,Double-Knit Quarter-Zip Pullover,Color,Vintage Pine,Tamanho,XS,,,"",,,Local da loja,,0,0,0,0,0,
double-knit-quarter-zip-pullover,Double-Knit Quarter-Zip Pullover,Color,Vintage Pine,Tamanho,XS,,,"",,,SIHI Fulfillment,,not stocked,not stocked,not stocked,not stocked,not stocked,
double-knit-quarter-zip-pullover,Double-Knit Quarter-Zip Pullover,Color,Vintage Pine,Tamanho,XS,,,"",,,FlowBorder Fulfillment,,not stocked,not stocked,not stocked,not stocked,not stocked,
double-knit-quarter-zip-pullover,Double-Knit Quarter-Zip Pullover,Color,Vintage Pine,Tamanho,S,,,"",,,Local da loja,,0,0,0,0,0,
double-knit-quarter-zip-pullover,Double-Knit Quarter-Zip Pullover,Color,Vintage Pine,Tamanho,S,,,"",,,SIHI Fulfillment,,not stocked,not stocked,not stocked,not stocked,not stocked,
double-knit-quarter-zip-pullover,Double-Knit Quarter-Zip Pullover,Color,Vintage Pine,Tamanho,S,,,"",,,FlowBorder Fulfillment,,not stocked,not stocked,not stocked,not stocked,not stocked,
double-knit-quarter-zip-pullover,Double-Knit Quarter-Zip Pullover,Color,Vintage Pine,Tamanho,M,,,"",,,Local da loja,,0,0,0,0,0,
double-knit-quarter-zip-pullover,Double-Knit Quarter-Zip Pullover,Color,Vintage Pine,Tamanho,M,,,"",,,SIHI Fulfillment,,not stocked,not stocked,not stocked,not stocked,not stocked,
double-knit-quarter-zip-pullover,Double-Knit Quarter-Zip Pullover,Color,Vintage Pine,Tamanho,M,,,"",,,FlowBorder Fulfillment,,not stocked,not stocked,not stocked,not stocked,not stocked,
double-knit-quarter-zip-pullover,Double-Knit Quarter-Zip Pullover,Color,Vintage Pine,Tamanho,L,,,"",,,Local da loja,,0,0,0,0,0,
double-knit-quarter-zip-pullover,Double-Knit Quarter-Zip Pullover,Color,Vintage Pine,Tamanho,L,,,"",,,SIHI Fulfillment,,not stocked,not stocked,not stocked,not stocked,not stocked,
double-knit-quarter-zip-pullover,Double-Knit Quarter-Zip Pullover,Color,Vintage Pine,Tamanho,L,,,"",,,FlowBorder Fulfillment,,not stocked,not stocked,not stocked,not stocked,not stocked,
double-knit-quarter-zip-pullover,Double-Knit Quarter-Zip Pullover,Color,Vintage Pine,Tamanho,XL,,,"",,,Local da loja,,0,0,0,0,0,
double-knit-quarter-zip-pullover,Double-Knit Quarter-Zip Pullover,Color,Vintage Pine,Tamanho,XL,,,"",,,SIHI Fulfillment,,not stocked,not stocked,not stocked,not stocked,not stocked,
double-knit-quarter-zip-pullover,Double-Knit Quarter-Zip Pullover,Color,Vintage Pine,Tamanho,XL,,,"",,,FlowBorder Fulfillment,,not stocked,not stocked,not stocked,not stocked,not stocked,
double-knit-quarter-zip-pullover,Double-Knit Quarter-Zip Pullover,Color,Vintage Pine,Tamanho,XXL,,,"",,,Local da loja,,0,0,0,0,0,
double-knit-quarter-zip-pullover,Double-Knit Quarter-Zip Pullover,Color,Vintage Pine,Tamanho,XXL,,,"",,,SIHI Fulfillment,,not stocked,not stocked,not stocked,not stocked,not stocked,
double-knit-quarter-zip-pullover,Double-Knit Quarter-Zip Pullover,Color,Vintage Pine,Tamanho,XXL,,,"",,,FlowBorder Fulfillment,,not stocked,not stocked,not stocked,not stocked,not stocked,
cable-knit-quarter-zip-jumper,Cable-Knit Quarter-Zip Jumper,Color,Hunter navy,Tamanho,XS,,,1765483662026,,,Local da loja,,0,0,0,0,0,
cable-knit-quarter-zip-jumper,Cable-Knit Quarter-Zip Jumper,Color,Hunter navy,Tamanho,XS,,,1765483662026,,,SIHI Fulfillment,,not stocked,not stocked,not stocked,not stocked,not stocked,
cable-knit-quarter-zip-jumper,Cable-Knit Quarter-Zip Jumper,Color,Hunter navy,Tamanho,XS,,,1765483662026,,,FlowBorder Fulfillment,,not stocked,not stocked,not stocked,not stocked,not stocked,
cable-knit-quarter-zip-jumper,Cable-Knit Quarter-Zip Jumper,Color,Hunter navy,Tamanho,S,,,"",,,Local da loja,,0,0,0,0,0,
cable-knit-quarter-zip-jumper,Cable-Knit Quarter-Zip Jumper,Color,Hunter navy,Tamanho,S,,,"",,,SIHI Fulfillment,,not stocked,not stocked,not stocked,not stocked,not stocked,
cable-knit-quarter-zip-jumper,Cable-Knit Quarter-Zip Jumper,Color,Hunter navy,Tamanho,S,,,"",,,FlowBorder Fulfillment,,not stocked,not stocked,not stocked,not stocked,not stocked,
cable-knit-quarter-zip-jumper,Cable-Knit Quarter-Zip Jumper,Color,Hunter navy,Tamanho,M,,,"",,,Local da loja,,0,0,0,-1,-1,
cable-knit-quarter-zip-jumper,Cable-Knit Quarter-Zip Jumper,Color,Hunter navy,Tamanho,M,,,"",,,SIHI Fulfillment,,not stocked,not stocked,not stocked,not stocked,not stocked,
cable-knit-quarter-zip-jumper,Cable-Knit Quarter-Zip Jumper,Color,Hunter navy,Tamanho,M,,,"",,,FlowBorder Fulfillment,,not stocked,not stocked,not stocked,not stocked,not stocked,
cable-knit-quarter-zip-jumper,Cable-Knit Quarter-Zip Jumper,Color,Hunter navy,Tamanho,L,,,"",,,Local da loja,,0,0,0,-1,-1,
cable-knit-quarter-zip-jumper,Cable-Knit Quarter-Zip Jumper,Color,Hunter navy,Tamanho,L,,,"",,,SIHI Fulfillment,,not stocked,not stocked,not stocked,not stocked,not stocked,
cable-knit-quarter-zip-jumper,Cable-Knit Quarter-Zip Jumper,Color,Hunter navy,Tamanho,L,,,"",,,FlowBorder Fulfillment,,not stocked,not stocked,not stocked,not stocked,not stocked,
cable-knit-quarter-zip-jumper,Cable-Knit Quarter-Zip Jumper,Color,Hunter navy,Tamanho,XL,,,"",,,Local da loja,,0,0,0,-1,-1,
cable-knit-quarter-zip-jumper,Cable-Knit Quarter-Zip Jumper,Color,Hunter navy,Tamanho,XL,,,"",,,SIHI Fulfillment,,not stocked,not stocked,not stocked,not stocked,not stocked,
cable-knit-quarter-zip-jumper,Cable-Knit Quarter-Zip Jumper,Color,Hunter navy,Tamanho,XL,,,"",,,FlowBorder Fulfillment,,not stocked,not stocked,not stocked,not stocked,not stocked,
cable-knit-quarter-zip-jumper,Cable-Knit Quarter-Zip Jumper,Color,Hunter navy,Tamanho,XXL,,,"",,,Local da loja,,0,0,0,0,0,
cable-knit-quarter-zip-jumper,Cable-Knit Quarter-Zip Jumper,Color,Hunter navy,Tamanho,XXL,,,"",,,SIHI Fulfillment,,not stocked,not stocked,not stocked,not stocked,not stocked,
cable-knit-quarter-zip-jumper,Cable-Knit Quarter-Zip Jumper,Color,Hunter navy,Tamanho,XXL,,,"",,,FlowBorder Fulfillment,,not stocked,not stocked,not stocked,not stocked,not stocked,
cable-knit-quarter-zip-jumper,Cable-Knit Quarter-Zip Jumper,Color,Andover Cream,Tamanho,XS,,,"",,,Local da loja,,0,0,0,0,0,
cable-knit-quarter-zip-jumper,Cable-Knit Quarter-Zip Jumper,Color,Andover Cream,Tamanho,XS,,,"",,,SIHI Fulfillment,,not stocked,not stocked,not stocked,not stocked,not stocked,
cable-knit-quarter-zip-jumper,Cable-Knit Quarter-Zip Jumper,Color,Andover Cream,Tamanho,XS,,,"",,,FlowBorder Fulfillment,,not stocked,not stocked,not stocked,not stocked,not stocked,
cable-knit-quarter-zip-jumper,Cable-Knit Quarter-Zip Jumper,Color,Andover Cream,Tamanho,S,,,"",,,Local da loja,,0,0,0,0,0,
cable-knit-quarter-zip-jumper,Cable-Knit Quarter-Zip Jumper,Color,Andover Cream,Tamanho,S,,,"",,,SIHI Fulfillment,,not stocked,not stocked,not stocked,not stocked,not stocked,
cable-knit-quarter-zip-jumper,Cable-Knit Quarter-Zip Jumper,Color,Andover Cream,Tamanho,S,,,"",,,FlowBorder Fulfillment,,not stocked,not stocked,not stocked,not stocked,not stocked,
cable-knit-quarter-zip-jumper,Cable-Knit Quarter-Zip Jumper,Color,Andover Cream,Tamanho,M,,,"",,,Local da loja,,0,0,0,0,0,
cable-knit-quarter-zip-jumper,Cable-Knit Quarter-Zip Jumper,Color,Andover Cream,Tamanho,M,,,"",,,SIHI Fulfillment,,not stocked,not stocked,not stocked,not stocked,not stocked,
cable-knit-quarter-zip-jumper,Cable-Knit Quarter-Zip Jumper,Color,Andover Cream,Tamanho,M,,,"",,,FlowBorder Fulfillment,,not stocked,not stocked,not stocked,not stocked,not stocked,
cable-knit-quarter-zip-jumper,Cable-Knit Quarter-Zip Jumper,Color,Andover Cream,Tamanho,L,,,"",,,Local da loja,,0,0,0,0,0,
cable-knit-quarter-zip-jumper,Cable-Knit Quarter-Zip Jumper,Color,Andover Cream,Tamanho,L,,,"",,,SIHI Fulfillment,,not stocked,not stocked,not stocked,not stocked,not stocked,
cable-knit-quarter-zip-jumper,Cable-Knit Quarter-Zip Jumper,Color,Andover Cream,Tamanho,L,,,"",,,FlowBorder Fulfillment,,not stocked,not stocked,not stocked,not stocked,not stocked,
cable-knit-quarter-zip-jumper,Cable-Knit Quarter-Zip Jumper,Color,Andover Cream,Tamanho,XL,,,"",,,Local da loja,,0,0,0,0,0,
cable-knit-quarter-zip-jumper,Cable-Knit Quarter-Zip Jumper,Color,Andover Cream,Tamanho,XL,,,"",,,SIHI Fulfillment,,not stocked,not stocked,not stocked,not stocked,not stocked,
cable-knit-quarter-zip-jumper,Cable-Knit Quarter-Zip Jumper,Color,Andover Cream,Tamanho,XL,,,"",,,FlowBorder Fulfillment,,not stocked,not stocked,not stocked,not stocked,not stocked,
cable-knit-quarter-zip-jumper,Cable-Knit Quarter-Zip Jumper,Color,Andover Cream,Tamanho,XXL,,,"",,,Local da loja,,0,0,0,0,0,
cable-knit-quarter-zip-jumper,Cable-Knit Quarter-Zip Jumper,Color,Andover Cream,Tamanho,XXL,,,"",,,SIHI Fulfillment,,not stocked,not stocked,not stocked,not stocked,not stocked,
cable-knit-quarter-zip-jumper,Cable-Knit Quarter-Zip Jumper,Color,Andover Cream,Tamanho,XXL,,,"",,,FlowBorder Fulfillment,,not stocked,not stocked,not stocked,not stocked,not stocked,
cable-knit-quarter-zip-jumper,Cable-Knit Quarter-Zip Jumper,Color,Fawn Grey Heather,Tamanho,XS,,,"",,,Local da loja,,0,0,0,0,0,
cable-knit-quarter-zip-jumper,Cable-Knit Quarter-Zip Jumper,Color,Fawn Grey Heather,Tamanho,XS,,,"",,,SIHI Fulfillment,,not stocked,not stocked,not stocked,not stocked,not stocked,
cable-knit-quarter-zip-jumper,Cable-Knit Quarter-Zip Jumper,Color,Fawn Grey Heather,Tamanho,XS,,,"",,,FlowBorder Fulfillment,,not stocked,not stocked,not stocked,not stocked,not stocked,
cable-knit-quarter-zip-jumper,Cable-Knit Quarter-Zip Jumper,Color,Fawn Grey Heather,Tamanho,S,,,"",,,Local da loja,,0,0,0,0,0,
cable-knit-quarter-zip-jumper,Cable-Knit Quarter-Zip Jumper,Color,Fawn Grey Heather,Tamanho,S,,,"",,,SIHI Fulfillment,,not stocked,not stocked,not stocked,not stocked,not stocked,
cable-knit-quarter-zip-jumper,Cable-Knit Quarter-Zip Jumper,Color,Fawn Grey Heather,Tamanho,S,,,"",,,FlowBorder Fulfillment,,not stocked,not stocked,not stocked,not stocked,not stocked,
cable-knit-quarter-zip-jumper,Cable-Knit Quarter-Zip Jumper,Color,Fawn Grey Heather,Tamanho,M,,,"",,,Local da loja,,0,0,0,-1,-1,
cable-knit-quarter-zip-jumper,Cable-Knit Quarter-Zip Jumper,Color,Fawn Grey Heather,Tamanho,M,,,"",,,SIHI Fulfillment,,not stocked,not stocked,not stocked,not stocked,not stocked,
cable-knit-quarter-zip-jumper,Cable-Knit Quarter-Zip Jumper,Color,Fawn Grey Heather,Tamanho,M,,,"",,,FlowBorder Fulfillment,,not stocked,not stocked,not stocked,not stocked,not stocked,
cable-knit-quarter-zip-jumper,Cable-Knit Quarter-Zip Jumper,Color,Fawn Grey Heather,Tamanho,L,,,"",,,Local da loja,,0,0,0,0,0,
cable-knit-quarter-zip-jumper,Cable-Knit Quarter-Zip Jumper,Color,Fawn Grey Heather,Tamanho,L,,,"",,,SIHI Fulfillment,,not stocked,not stocked,not stocked,not stocked,not stocked,
cable-knit-quarter-zip-jumper,Cable-Knit Quarter-Zip Jumper,Color,Fawn Grey Heather,Tamanho,L,,,"",,,FlowBorder Fulfillment,,not stocked,not stocked,not stocked,not stocked,not stocked,
cable-knit-quarter-zip-jumper,Cable-Knit Quarter-Zip Jumper,Color,Fawn Grey Heather,Tamanho,XL,,,"",,,Local da loja,,0,0,0,0,0,
cable-knit-quarter-zip-jumper,Cable-Knit Quarter-Zip Jumper,Color,Fawn Grey Heather,Tamanho,XL,,,"",,,SIHI Fulfillment,,not stocked,not stocked,not stocked,not stocked,not stocked,
cable-knit-quarter-zip-jumper,Cable-Knit Quarter-Zip Jumper,Color,Fawn Grey Heather,Tamanho,XL,,,"",,,FlowBorder Fulfillment,,not stocked,not stocked,not stocked,not stocked,not stocked,
cable-knit-quarter-zip-jumper,Cable-Knit Quarter-Zip Jumper,Color,Fawn Grey Heather,Tamanho,XXL,,,"",,,Local da loja,,0,0,0,0,0,
cable-knit-quarter-zip-jumper,Cable-Knit Quarter-Zip Jumper,Color,Fawn Grey Heather,Tamanho,XXL,,,"",,,SIHI Fulfillment,,not stocked,not stocked,not stocked,not stocked,not stocked,
cable-knit-quarter-zip-jumper,Cable-Knit Quarter-Zip Jumper,Color,Fawn Grey Heather,Tamanho,XXL,,,"",,,FlowBorder Fulfillment,,not stocked,not stocked,not stocked,not stocked,not stocked,
cable-knit-wool-cashmere-jumper,Cable-Knit Wool-Cashmere Jumper,Color,Hunter navy,Tamanho,XS,,,1765483662026,,,Local da loja,,0,0,0,0,0,
cable-knit-wool-cashmere-jumper,Cable-Knit Wool-Cashmere Jumper,Color,Hunter navy,Tamanho,XS,,,1765483662026,,,SIHI Fulfillment,,not stocked,not stocked,not stocked,not stocked,not stocked,
cable-knit-wool-cashmere-jumper,Cable-Knit Wool-Cashmere Jumper,Color,Hunter navy,Tamanho,XS,,,1765483662026,,,FlowBorder Fulfillment,,not stocked,not stocked,not stocked,not stocked,not stocked,
cable-knit-wool-cashmere-jumper,Cable-Knit Wool-Cashmere Jumper,Color,Hunter navy,Tamanho,S,,,"",,,Local da loja,,0,0,0,-1,-1,
cable-knit-wool-cashmere-jumper,Cable-Knit Wool-Cashmere Jumper,Color,Hunter navy,Tamanho,S,,,"",,,SIHI Fulfillment,,not stocked,not stocked,not stocked,not stocked,not stocked,
cable-knit-wool-cashmere-jumper,Cable-Knit Wool-Cashmere Jumper,Color,Hunter navy,Tamanho,S,,,"",,,FlowBorder Fulfillment,,not stocked,not stocked,not stocked,not stocked,not stocked,
cable-knit-wool-cashmere-jumper,Cable-Knit Wool-Cashmere Jumper,Color,Hunter navy,Tamanho,M,,,"",,,Local da loja,,0,0,0,-3,-3,
cable-knit-wool-cashmere-jumper,Cable-Knit Wool-Cashmere Jumper,Color,Hunter navy,Tamanho,M,,,"",,,SIHI Fulfillment,,not stocked,not stocked,not stocked,not stocked,not stocked,
cable-knit-wool-cashmere-jumper,Cable-Knit Wool-Cashmere Jumper,Color,Hunter navy,Tamanho,M,,,"",,,FlowBorder Fulfillment,,not stocked,not stocked,not stocked,not stocked,not stocked,
cable-knit-wool-cashmere-jumper,Cable-Knit Wool-Cashmere Jumper,Color,Hunter navy,Tamanho,L,,,"",,,Local da loja,,0,0,0,0,0,
cable-knit-wool-cashmere-jumper,Cable-Knit Wool-Cashmere Jumper,Color,Hunter navy,Tamanho,L,,,"",,,SIHI Fulfillment,,not stocked,not stocked,not stocked,not stocked,not stocked,
cable-knit-wool-cashmere-jumper,Cable-Knit Wool-Cashmere Jumper,Color,Hunter navy,Tamanho,L,,,"",,,FlowBorder Fulfillment,,not stocked,not stocked,not stocked,not stocked,not stocked,
cable-knit-wool-cashmere-jumper,Cable-Knit Wool-Cashmere Jumper,Color,Hunter navy,Tamanho,XL,,,"",,,Local da loja,,0,0,0,-1,-1,
cable-knit-wool-cashmere-jumper,Cable-Knit Wool-Cashmere Jumper,Color,Hunter navy,Tamanho,XL,,,"",,,SIHI Fulfillment,,not stocked,not stocked,not stocked,not stocked,not stocked,
cable-knit-wool-cashmere-jumper,Cable-Knit Wool-Cashmere Jumper,Color,Hunter navy,Tamanho,XL,,,"",,,FlowBorder Fulfillment,,not stocked,not stocked,not stocked,not stocked,not stocked,
cable-knit-wool-cashmere-jumper,Cable-Knit Wool-Cashmere Jumper,Color,Hunter navy,Tamanho,XXL,,,"",,,Local da loja,,0,0,0,0,0,
cable-knit-wool-cashmere-jumper,Cable-Knit Wool-Cashmere Jumper,Color,Hunter navy,Tamanho,XXL,,,"",,,SIHI Fulfillment,,not stocked,not stocked,not stocked,not stocked,not stocked,
cable-knit-wool-cashmere-jumper,Cable-Knit Wool-Cashmere Jumper,Color,Hunter navy,Tamanho,XXL,,,"",,,FlowBorder Fulfillment,,not stocked,not stocked,not stocked,not stocked,not stocked,
cable-knit-wool-cashmere-jumper,Cable-Knit Wool-Cashmere Jumper,Color,Andover Cream,Tamanho,XS,,,"",,,Local da loja,,0,0,0,0,0,
cable-knit-wool-cashmere-jumper,Cable-Knit Wool-Cashmere Jumper,Color,Andover Cream,Tamanho,XS,,,"",,,SIHI Fulfillment,,not stocked,not stocked,not stocked,not stocked,not stocked,
cable-knit-wool-cashmere-jumper,Cable-Knit Wool-Cashmere Jumper,Color,Andover Cream,Tamanho,XS,,,"",,,FlowBorder Fulfillment,,not stocked,not stocked,not stocked,not stocked,not stocked,
cable-knit-wool-cashmere-jumper,Cable-Knit Wool-Cashmere Jumper,Color,Andover Cream,Tamanho,S,,,"",,,Local da loja,,0,0,0,-1,-1,
cable-knit-wool-cashmere-jumper,Cable-Knit Wool-Cashmere Jumper,Color,Andover Cream,Tamanho,S,,,"",,,SIHI Fulfillment,,not stocked,not stocked,not stocked,not stocked,not stocked,
cable-knit-wool-cashmere-jumper,Cable-Knit Wool-Cashmere Jumper,Color,Andover Cream,Tamanho,S,,,"",,,FlowBorder Fulfillment,,not stocked,not stocked,not stocked,not stocked,not stocked,
cable-knit-wool-cashmere-jumper,Cable-Knit Wool-Cashmere Jumper,Color,Andover Cream,Tamanho,M,,,"",,,Local da loja,,0,0,0,-1,-1,
cable-knit-wool-cashmere-jumper,Cable-Knit Wool-Cashmere Jumper,Color,Andover Cream,Tamanho,M,,,"",,,SIHI Fulfillment,,not stocked,not stocked,not stocked,not stocked,not stocked,
cable-knit-wool-cashmere-jumper,Cable-Knit Wool-Cashmere Jumper,Color,Andover Cream,Tamanho,M,,,"",,,FlowBorder Fulfillment,,not stocked,not stocked,not stocked,not stocked,not stocked,
cable-knit-wool-cashmere-jumper,Cable-Knit Wool-Cashmere Jumper,Color,Andover Cream,Tamanho,L,,,"",,,Local da loja,,0,0,0,0,0,
cable-knit-wool-cashmere-jumper,Cable-Knit Wool-Cashmere Jumper,Color,Andover Cream,Tamanho,L,,,"",,,SIHI Fulfillment,,not stocked,not stocked,not stocked,not stocked,not stocked,
cable-knit-wool-cashmere-jumper,Cable-Knit Wool-Cashmere Jumper,Color,Andover Cream,Tamanho,L,,,"",,,FlowBorder Fulfillment,,not stocked,not stocked,not stocked,not stocked,not stocked,
cable-knit-wool-cashmere-jumper,Cable-Knit Wool-Cashmere Jumper,Color,Andover Cream,Tamanho,XL,,,"",,,Local da loja,,0,0,0,0,0,
cable-knit-wool-cashmere-jumper,Cable-Knit Wool-Cashmere Jumper,Color,Andover Cream,Tamanho,XL,,,"",,,SIHI Fulfillment,,not stocked,not stocked,not stocked,not stocked,not stocked,
cable-knit-wool-cashmere-jumper,Cable-Knit Wool-Cashmere Jumper,Color,Andover Cream,Tamanho,XL,,,"",,,FlowBorder Fulfillment,,not stocked,not stocked,not stocked,not stocked,not stocked,
cable-knit-wool-cashmere-jumper,Cable-Knit Wool-Cashmere Jumper,Color,Andover Cream,Tamanho,XXL,,,"",,,Local da loja,,0,0,0,0,0,
cable-knit-wool-cashmere-jumper,Cable-Knit Wool-Cashmere Jumper,Color,Andover Cream,Tamanho,XXL,,,"",,,SIHI Fulfillment,,not stocked,not stocked,not stocked,not stocked,not stocked,
cable-knit-wool-cashmere-jumper,Cable-Knit Wool-Cashmere Jumper,Color,Andover Cream,Tamanho,XXL,,,"",,,FlowBorder Fulfillment,,not stocked,not stocked,not stocked,not stocked,not stocked,
the-gorham-glossed-down-jacket-1765483665042,The Gorham Glossed Down Jacket,Color,Collection Navy Glossy,Size,XS,,,1765483665042,,,Local da loja,,0,0,0,-1,-1,
the-gorham-glossed-down-jacket-1765483665042,The Gorham Glossed Down Jacket,Color,Collection Navy Glossy,Size,XS,,,1765483665042,,,SIHI Fulfillment,,not stocked,not stocked,not stocked,not stocked,not stocked,
the-gorham-glossed-down-jacket-1765483665042,The Gorham Glossed Down Jacket,Color,Collection Navy Glossy,Size,XS,,,1765483665042,,,FlowBorder Fulfillment,,not stocked,not stocked,not stocked,not stocked,not stocked,
the-wyoming-ripstop-down-jacket-1765483663005,The Wyoming Ripstop Down Jacket,Color,Polo Black,Size,XS,,,1765483663005,,,Local da loja,,0,0,0,0,0,
the-wyoming-ripstop-down-jacket-1765483663005,The Wyoming Ripstop Down Jacket,Color,Polo Black,Size,XS,,,1765483663005,,,SIHI Fulfillment,,not stocked,not stocked,not stocked,not stocked,not stocked,
the-wyoming-ripstop-down-jacket-1765483663005,The Wyoming Ripstop Down Jacket,Color,Polo Black,Size,XS,,,1765483663005,,,FlowBorder Fulfillment,,not stocked,not stocked,not stocked,not stocked,not stocked,
the-wyoming-ripstop-down-jacket-1765483662026,The Wyoming Ripstop Down Jacket,Color,Ranger Green,,,,,1765483662026,,,Local da loja,,0,0,0,0,0,
the-wyoming-ripstop-down-jacket-1765483662026,The Wyoming Ripstop Down Jacket,Color,Ranger Green,,,,,1765483662026,,,SIHI Fulfillment,,not stocked,not stocked,not stocked,not stocked,not stocked,
the-wyoming-ripstop-down-jacket-1765483662026,The Wyoming Ripstop Down Jacket,Color,Ranger Green,,,,,1765483662026,,,FlowBorder Fulfillment,,not stocked,not stocked,not stocked,not stocked,not stocked,
the-teton-down-jacket-100058100,The Teton Down Jacket,Color,Faded Black Canvas,,,,,100058100,,,Local da loja,,0,0,0,0,0,
the-teton-down-jacket-100058100,The Teton Down Jacket,Color,Faded Black Canvas,,,,,100058100,,,SIHI Fulfillment,,not stocked,not stocked,not stocked,not stocked,not stocked,
the-teton-down-jacket-100058100,The Teton Down Jacket,Color,Faded Black Canvas,,,,,100058100,,,FlowBorder Fulfillment,,not stocked,not stocked,not stocked,not stocked,not stocked,
the-colden-herringbone-down-jacket-100058659,The Colden Herringbone Down Jacket,Color,Barclay Heather,,,,,100058659,,,Local da loja,,0,0,0,0,0,
the-colden-herringbone-down-jacket-100058659,The Colden Herringbone Down Jacket,Color,Barclay Heather,,,,,100058659,,,SIHI Fulfillment,,not stocked,not stocked,not stocked,not stocked,not stocked,
the-colden-herringbone-down-jacket-100058659,The Colden Herringbone Down Jacket,Color,Barclay Heather,,,,,100058659,,,FlowBorder Fulfillment,,not stocked,not stocked,not stocked,not stocked,not stocked,
the-colden-packable-down-jacket,The Colden Packable Down Jacket,Color,Collection Navy,Size,XS,,,1765483661070,,,Local da loja,,0,0,0,0,0,
the-colden-packable-down-jacket,The Colden Packable Down Jacket,Color,Collection Navy,Size,XS,,,1765483661070,,,SIHI Fulfillment,,not stocked,not stocked,not stocked,not stocked,not stocked,
the-colden-packable-down-jacket,The Colden Packable Down Jacket,Color,Collection Navy,Size,XS,,,1765483661070,,,FlowBorder Fulfillment,,not stocked,not stocked,not stocked,not stocked,not stocked,
the-colden-packable-down-jacket-1765483666603,The Colden Packable Down Jacket,Color,Polo Black,,,,,1765483666603,,,Local da loja,,0,0,0,0,0,
the-colden-packable-down-jacket-1765483666603,The Colden Packable Down Jacket,Color,Polo Black,,,,,1765483666603,,,SIHI Fulfillment,,not stocked,not stocked,not stocked,not stocked,not stocked,
the-colden-packable-down-jacket-1765483666603,The Colden Packable Down Jacket,Color,Polo Black,,,,,1765483666603,,,FlowBorder Fulfillment,,not stocked,not stocked,not stocked,not stocked,not stocked,
the-colden-packable-down-jacket-1765483665652,The Colden Packable Down Jacket,Color,Standard,,,,,1765483665652,,,Local da loja,,0,0,0,0,0,
the-colden-packable-down-jacket-1765483665652,The Colden Packable Down Jacket,Color,Standard,,,,,1765483665652,,,SIHI Fulfillment,,not stocked,not stocked,not stocked,not stocked,not stocked,
the-colden-packable-down-jacket-1765483665652,The Colden Packable Down Jacket,Color,Standard,,,,,1765483665652,,,FlowBorder Fulfillment,,not stocked,not stocked,not stocked,not stocked,not stocked,
the-hartland-down-gilet-100058102,The Hartland Down Gilet,Color,Ranger Green X,,,,,100058102,,,Local da loja,,0,0,0,0,0,
the-hartland-down-gilet-100058102,The Hartland Down Gilet,Color,Ranger Green X,,,,,100058102,,,SIHI Fulfillment,,not stocked,not stocked,not stocked,not stocked,not stocked,
the-hartland-down-gilet-100058102,The Hartland Down Gilet,Color,Ranger Green X,,,,,100058102,,,FlowBorder Fulfillment,,not stocked,not stocked,not stocked,not stocked,not stocked,
brushed-fleece-mockneck-gilet-100062753,Brushed Fleece Mockneck Gilet,Color,Fortress Grey Heather,,,,,100062753,,,Local da loja,,0,0,0,0,0,
brushed-fleece-mockneck-gilet-100062753,Brushed Fleece Mockneck Gilet,Color,Fortress Grey Heather,,,,,100062753,,,SIHI Fulfillment,,not stocked,not stocked,not stocked,not stocked,not stocked,
brushed-fleece-mockneck-gilet-100062753,Brushed Fleece Mockneck Gilet,Color,Fortress Grey Heather,,,,,100062753,,,FlowBorder Fulfillment,,not stocked,not stocked,not stocked,not stocked,not stocked,
the-beaton-quilted-utility-gilet-100006690,The Beaton Quilted Utility Gilet,Color,College Navy,,,,,100006690,,,Local da loja,,0,0,0,0,0,
the-beaton-quilted-utility-gilet-100006690,The Beaton Quilted Utility Gilet,Color,College Navy,,,,,100006690,,,SIHI Fulfillment,,not stocked,not stocked,not stocked,not stocked,not stocked,
the-beaton-quilted-utility-gilet-100006690,The Beaton Quilted Utility Gilet,Color,College Navy,,,,,100006690,,,FlowBorder Fulfillment,,not stocked,not stocked,not stocked,not stocked,not stocked,
the-lennox-down-parka-100058075,The Lennox Down Parka,Color,Collection Navy,,,,,100058075,,,Local da loja,,0,0,0,0,0,
the-lennox-down-parka-100058075,The Lennox Down Parka,Color,Collection Navy,,,,,100058075,,,SIHI Fulfillment,,not stocked,not stocked,not stocked,not stocked,not stocked,
the-lennox-down-parka-100058075,The Lennox Down Parka,Color,Collection Navy,,,,,100058075,,,FlowBorder Fulfillment,,not stocked,not stocked,not stocked,not stocked,not stocked,
the-parkview-down-coat-100059325,The Parkview Down Coat,Color,Collection Navy,,,,,100059325,,,Local da loja,,0,0,0,0,0,
the-parkview-down-coat-100059325,The Parkview Down Coat,Color,Collection Navy,,,,,100059325,,,SIHI Fulfillment,,not stocked,not stocked,not stocked,not stocked,not stocked,
the-parkview-down-coat-100059325,The Parkview Down Coat,Color,Collection Navy,,,,,100059325,,,FlowBorder Fulfillment,,not stocked,not stocked,not stocked,not stocked,not stocked,
the-wyoming-corduroy-down-jacket-100058106,The Wyoming Corduroy Down Jacket,Color,Dark Beech,,,,,100058106,,,Local da loja,,0,0,0,0,0,
the-wyoming-corduroy-down-jacket-100058106,The Wyoming Corduroy Down Jacket,Color,Dark Beech,,,,,100058106,,,SIHI Fulfillment,,not stocked,not stocked,not stocked,not stocked,not stocked,
the-wyoming-corduroy-down-jacket-100058106,The Wyoming Corduroy Down Jacket,Color,Dark Beech,,,,,100058106,,,FlowBorder Fulfillment,,not stocked,not stocked,not stocked,not stocked,not stocked,
the-wainwright-corduroy-down-jacket-100059326,The Wainwright Corduroy Down Jacket,Color,Spring Red,,,,,100059326,,,Local da loja,,0,0,0,0,0,
the-wainwright-corduroy-down-jacket-100059326,The Wainwright Corduroy Down Jacket,Color,Spring Red,,,,,100059326,,,SIHI Fulfillment,,not stocked,not stocked,not stocked,not stocked,not stocked,
the-wainwright-corduroy-down-jacket-100059326,The Wainwright Corduroy Down Jacket,Color,Spring Red,,,,,100059326,,,FlowBorder Fulfillment,,not stocked,not stocked,not stocked,not stocked,not stocked,
the-decker-melton-down-jacket-100058079,The Decker Melton Down Jacket,Color,Fortress Grey Heather,,,,,100058079,,,Local da loja,,0,0,0,0,0,
the-decker-melton-down-jacket-100058079,The Decker Melton Down Jacket,Color,Fortress Grey Heather,,,,,100058079,,,SIHI Fulfillment,,not stocked,not stocked,not stocked,not stocked,not stocked,
the-decker-melton-down-jacket-100058079,The Decker Melton Down Jacket,Color,Fortress Grey Heather,,,,,100058079,,,FlowBorder Fulfillment,,not stocked,not stocked,not stocked,not stocked,not stocked,
the-langdon-wool-barn-coat-100062745,The Langdon Wool Barn Coat,Color,Collection Navy,,,,,100062745,,,Local da loja,,0,0,0,0,0,
the-langdon-wool-barn-coat-100062745,The Langdon Wool Barn Coat,Color,Collection Navy,,,,,100062745,,,SIHI Fulfillment,,not stocked,not stocked,not stocked,not stocked,not stocked,
the-langdon-wool-barn-coat-100062745,The Langdon Wool Barn Coat,Color,Collection Navy,,,,,100062745,,,FlowBorder Fulfillment,,not stocked,not stocked,not stocked,not stocked,not stocked,
the-hurston-quilted-utility-jacket-100068254,The Hurston Quilted Utility Jacket,Color,College Navy,,,,,100068254,,,Local da loja,,0,0,0,0,0,
the-hurston-quilted-utility-jacket-100068254,The Hurston Quilted Utility Jacket,Color,College Navy,,,,,100068254,,,SIHI Fulfillment,,not stocked,not stocked,not stocked,not stocked,not stocked,
the-hurston-quilted-utility-jacket-100068254,The Hurston Quilted Utility Jacket,Color,College Navy,,,,,100068254,,,FlowBorder Fulfillment,,not stocked,not stocked,not stocked,not stocked,not stocked,
the-beaton-quilted-jacket-625555,Quilted Barn Jacket,Color,College Navy,,,,,625555,,,Local da loja,,0,0,0,100,100,
the-beaton-quilted-jacket-625555,Quilted Barn Jacket,Color,College Navy,,,,,625555,,,SIHI Fulfillment,,not stocked,not stocked,not stocked,not stocked,not stocked,
the-beaton-quilted-jacket-625555,Quilted Barn Jacket,Color,College Navy,,,,,625555,,,FlowBorder Fulfillment,,not stocked,not stocked,not stocked,not stocked,not stocked,
double-knit-quarter-zip-pullover,Double-Knit Quarter-Zip Pullover,Color,Polo Black,Tamanho,XS,,,1765483662026,,,Local da loja,,0,0,0,0,0,
double-knit-quarter-zip-pullover,Double-Knit Quarter-Zip Pullover,Color,Polo Black,Tamanho,XS,,,1765483662026,,,SIHI Fulfillment,,not stocked,not stocked,not stocked,not stocked,not stocked,
double-knit-quarter-zip-pullover,Double-Knit Quarter-Zip Pullover,Color,Polo Black,Tamanho,XS,,,1765483662026,,,FlowBorder Fulfillment,,not stocked,not stocked,not stocked,not stocked,not stocked,
double-knit-quarter-zip-pullover,Double-Knit Quarter-Zip Pullover,Color,Polo Black,Tamanho,S,,,"",,,Local da loja,,0,0,0,0,0,
double-knit-quarter-zip-pullover,Double-Knit Quarter-Zip Pullover,Color,Polo Black,Tamanho,S,,,"",,,SIHI Fulfillment,,not stocked,not stocked,not stocked,not stocked,not stocked,
double-knit-quarter-zip-pullover,Double-Knit Quarter-Zip Pullover,Color,Polo Black,Tamanho,S,,,"",,,FlowBorder Fulfillment,,not stocked,not stocked,not stocked,not stocked,not stocked,
double-knit-quarter-zip-pullover,Double-Knit Quarter-Zip Pullover,Color,Polo Black,Tamanho,M,,,"",,,Local da loja,,0,0,1,-1,0,
double-knit-quarter-zip-pullover,Double-Knit Quarter-Zip Pullover,Color,Polo Black,Tamanho,M,,,"",,,SIHI Fulfillment,,not stocked,not stocked,not stocked,not stocked,not stocked,
double-knit-quarter-zip-pullover,Double-Knit Quarter-Zip Pullover,Color,Polo Black,Tamanho,M,,,"",,,FlowBorder Fulfillment,,not stocked,not stocked,not stocked,not stocked,not stocked,
double-knit-quarter-zip-pullover,Double-Knit Quarter-Zip Pullover,Color,Polo Black,Tamanho,L,,,"",,,Local da loja,,0,0,0,-2,-2,
double-knit-quarter-zip-pullover,Double-Knit Quarter-Zip Pullover,Color,Polo Black,Tamanho,L,,,"",,,SIHI Fulfillment,,not stocked,not stocked,not stocked,not stocked,not stocked,
double-knit-quarter-zip-pullover,Double-Knit Quarter-Zip Pullover,Color,Polo Black,Tamanho,L,,,"",,,FlowBorder Fulfillment,,not stocked,not stocked,not stocked,not stocked,not stocked,
double-knit-quarter-zip-pullover,Double-Knit Quarter-Zip Pullover,Color,Polo Black,Tamanho,XL,,,"",,,Local da loja,,0,0,0,0,0,
double-knit-quarter-zip-pullover,Double-Knit Quarter-Zip Pullover,Color,Polo Black,Tamanho,XL,,,"",,,SIHI Fulfillment,,not stocked,not stocked,not stocked,not stocked,not stocked,
double-knit-quarter-zip-pullover,Double-Knit Quarter-Zip Pullover,Color,Polo Black,Tamanho,XL,,,"",,,FlowBorder Fulfillment,,not stocked,not stocked,not stocked,not stocked,not stocked,
double-knit-quarter-zip-pullover,Double-Knit Quarter-Zip Pullover,Color,Polo Black,Tamanho,XXL,,,"",,,Local da loja,,0,0,0,0,0,
double-knit-quarter-zip-pullover,Double-Knit Quarter-Zip Pullover,Color,Polo Black,Tamanho,XXL,,,"",,,SIHI Fulfillment,,not stocked,not stocked,not stocked,not stocked,not stocked,
double-knit-quarter-zip-pullover,Double-Knit Quarter-Zip Pullover,Color,Polo Black,Tamanho,XXL,,,"",,,FlowBorder Fulfillment,,not stocked,not stocked,not stocked,not stocked,not stocked,
double-knit-quarter-zip-pullover,Double-Knit Quarter-Zip Pullover,Color,Aviator Navy,Tamanho,XS,,,"",,,Local da loja,,0,0,0,-1,-1,
double-knit-quarter-zip-pullover,Double-Knit Quarter-Zip Pullover,Color,Aviator Navy,Tamanho,XS,,,"",,,SIHI Fulfillment,,not stocked,not stocked,not stocked,not stocked,not stocked,
double-knit-quarter-zip-pullover,Double-Knit Quarter-Zip Pullover,Color,Aviator Navy,Tamanho,XS,,,"",,,FlowBorder Fulfillment,,not stocked,not stocked,not stocked,not stocked,not stocked,
double-knit-quarter-zip-pullover,Double-Knit Quarter-Zip Pullover,Color,Aviator Navy,Tamanho,S,,,"",,,Local da loja,,0,0,0,0,0,
double-knit-quarter-zip-pullover,Double-Knit Quarter-Zip Pullover,Color,Aviator Navy,Tamanho,S,,,"",,,SIHI Fulfillment,,not stocked,not stocked,not stocked,not stocked,not stocked,
double-knit-quarter-zip-pullover,Double-Knit Quarter-Zip Pullover,Color,Aviator Navy,Tamanho,S,,,"",,,FlowBorder Fulfillment,,not stocked,not stocked,not stocked,not stocked,not stocked,
double-knit-quarter-zip-pullover,Double-Knit Quarter-Zip Pullover,Color,Aviator Navy,Tamanho,M,,,"",,,Local da loja,,0,0,2,-2,0,
double-knit-quarter-zip-pullover,Double-Knit Quarter-Zip Pullover,Color,Aviator Navy,Tamanho,M,,,"",,,SIHI Fulfillment,,not stocked,not stocked,not stocked,not stocked,not stocked,
double-knit-quarter-zip-pullover,Double-Knit Quarter-Zip Pullover,Color,Aviator Navy,Tamanho,M,,,"",,,FlowBorder Fulfillment,,not stocked,not stocked,not stocked,not stocked,not stocked,
double-knit-quarter-zip-pullover,Double-Knit Quarter-Zip Pullover,Color,Aviator Navy,Tamanho,L,,,"",,,Local da loja,,0,0,0,-1,-1,
double-knit-quarter-zip-pullover,Double-Knit Quarter-Zip Pullover,Color,Aviator Navy,Tamanho,L,,,"",,,SIHI Fulfillment,,not stocked,not stocked,not stocked,not stocked,not stocked,
double-knit-quarter-zip-pullover,Double-Knit Quarter-Zip Pullover,Color,Aviator Navy,Tamanho,L,,,"",,,FlowBorder Fulfillment,,not stocked,not stocked,not stocked,not stocked,not stocked,
double-knit-quarter-zip-pullover,Double-Knit Quarter-Zip Pullover,Color,Aviator Navy,Tamanho,XL,,,"",,,Local da loja,,0,0,0,0,0,
double-knit-quarter-zip-pullover,Double-Knit Quarter-Zip Pullover,Color,Aviator Navy,Tamanho,XL,,,"",,,SIHI Fulfillment,,not stocked,not stocked,not stocked,not stocked,not stocked,
double-knit-quarter-zip-pullover,Double-Knit Quarter-Zip Pullover,Color,Aviator Navy,Tamanho,XL,,,"",,,FlowBorder Fulfillment,,not stocked,not stocked,not stocked,not stocked,not stocked,
double-knit-quarter-zip-pullover,Double-Knit Quarter-Zip Pullover,Color,Aviator Navy,Tamanho,XXL,,,"",,,Local da loja,,0,0,0,0,0,
double-knit-quarter-zip-pullover,Double-Knit Quarter-Zip Pullover,Color,Aviator Navy,Tamanho,XXL,,,"",,,SIHI Fulfillment,,not stocked,not stocked,not stocked,not stocked,not stocked,
double-knit-quarter-zip-pullover,Double-Knit Quarter-Zip Pullover,Color,Aviator Navy,Tamanho,XXL,,,"",,,FlowBorder Fulfillment,,not stocked,not stocked,not stocked,not stocked,not stocked,
double-knit-quarter-zip-pullover,Double-Knit Quarter-Zip Pullover,Color,White,Tamanho,XS,,,"",,,Local da loja,,0,0,0,0,0,
double-knit-quarter-zip-pullover,Double-Knit Quarter-Zip Pullover,Color,White,Tamanho,XS,,,"",,,SIHI Fulfillment,,not stocked,not stocked,not stocked,not stocked,not stocked,
double-knit-quarter-zip-pullover,Double-Knit Quarter-Zip Pullover,Color,White,Tamanho,XS,,,"",,,FlowBorder Fulfillment,,not stocked,not stocked,not stocked,not stocked,not stocked,
double-knit-quarter-zip-pullover,Double-Knit Quarter-Zip Pullover,Color,White,Tamanho,S,,,"",,,Local da loja,,0,0,0,0,0,
double-knit-quarter-zip-pullover,Double-Knit Quarter-Zip Pullover,Color,White,Tamanho,S,,,"",,,SIHI Fulfillment,,not stocked,not stocked,not stocked,not stocked,not stocked,
double-knit-quarter-zip-pullover,Double-Knit Quarter-Zip Pullover,Color,White,Tamanho,S,,,"",,,FlowBorder Fulfillment,,not stocked,not stocked,not stocked,not stocked,not stocked,
double-knit-quarter-zip-pullover,Double-Knit Quarter-Zip Pullover,Color,White,Tamanho,M,,,"",,,Local da loja,,0,0,0,0,0,
double-knit-quarter-zip-pullover,Double-Knit Quarter-Zip Pullover,Color,White,Tamanho,M,,,"",,,SIHI Fulfillment,,not stocked,not stocked,not stocked,not stocked,not stocked,
double-knit-quarter-zip-pullover,Double-Knit Quarter-Zip Pullover,Color,White,Tamanho,M,,,"",,,FlowBorder Fulfillment,,not stocked,not stocked,not stocked,not stocked,not stocked,
double-knit-quarter-zip-pullover,Double-Knit Quarter-Zip Pullover,Color,White,Tamanho,L,,,"",,,Local da loja,,0,0,0,0,0,
double-knit-quarter-zip-pullover,Double-Knit Quarter-Zip Pullover,Color,White,Tamanho,L,,,"",,,SIHI Fulfillment,,not stocked,not stocked,not stocked,not stocked,not stocked,
double-knit-quarter-zip-pullover,Double-Knit Quarter-Zip Pullover,Color,White,Tamanho,L,,,"",,,FlowBorder Fulfillment,,not stocked,not stocked,not stocked,not stocked,not stocked,
